nombre,apellido,email,direccion
Gilbert Roy,Brown,lewiscody@example.net,"16822 Clark Estates Suite 771
Lake Christianstad, MD 23775"
Jordan Hammond,Dean,amy46@example.com,"180 Jessica Loop Suite 060
Christineshire, IA 21830"
Amanda Hill,Reyes,kimberlymoon@example.org,"14540 Colon Valleys Suite 356
Jeremyhaven, FL 24243"
Pamela Castro,Black,xaguilar@example.com,"0469 Smith Groves Apt. 458
New Clarencemouth, MA 95512"
Joshua Delgado,Zimmerman,paulwood@example.net,"73579 Long Cove
South Markfurt, ME 68578"
Jamie Brown,Harris,katiealexander@example.com,"6412 Jacqueline Plains
New Connie, WY 97753"
Brian Callahan,Fleming,iandavis@example.org,"31078 Curtis Islands
Thompsonfurt, DE 53940"
Shannon Schaefer,Smith,iball@example.com,"52738 Johnson Stravenue
East Patriciashire, MD 29626"
Christopher Davis,Moran,victoriafitzgerald@example.net,"06113 Lloyd Creek Suite 682
New Emily, VT 98754"
Helen Reed,Graham,suarezgeorge@example.com,"10053 Nicole Bridge Apt. 694
West Shaun, CT 03964"
Timothy Austin,Riley,dawn67@example.net,"324 Benitez Club
East Stevenfurt, MD 57271"
Daniel Harris,Mcdonald,armstrongmark@example.net,"6240 Cox Causeway Apt. 291
Lake Sarah, RI 03496"
Megan Anderson,Simon,shirley03@example.net,"237 Brooks Crossing Apt. 175
West Georgeview, NM 31196"
Christopher Galloway,Lee,daviscarlos@example.net,"188 Gina Extension Apt. 401
Morriston, MN 34212"
Dennis Bird,Cruz,fmoore@example.net,"774 John Ville Apt. 076
Lake Jessicaville, CO 68396"
Kristina Morrison,Wolfe,dcurry@example.com,"33692 William Square Suite 936
Olsontown, TN 60325"
Melissa Schaefer,Ward,wpatel@example.org,"30288 Kramer Points Suite 078
Reynoldsview, MA 99295"
Sabrina Zimmerman,Anderson,jonesjeffrey@example.com,"Unit 6333 Box 7562
DPO AE 83512"
David Hartman,Davis,nicholas65@example.org,"2113 Lee Brooks Apt. 935
South Douglas, MT 74943"
Jared Huffman,Johnson,jonesjason@example.org,"8313 Anthony Ranch Suite 020
Solomonhaven, HI 34753"
Allison Nelson,Pearson,hodgesmonica@example.org,"PSC 2753, Box 0259
APO AE 64699"
Amanda Pena,Hansen,yeaton@example.net,"9928 Berg Island Apt. 608
Port Tony, ME 41118"
Kelly Walters,Jones,nathanashley@example.net,"PSC 2231, Box 7759
APO AP 91994"
Terri Jones,Nelson,saundersclifford@example.org,"2495 Martinez Track Apt. 646
Tracyton, OH 98757"
Tyler Thompson,Shaw,tiffanywalsh@example.net,"9618 Wendy Manor Apt. 612
South Sarah, AS 39144"
Yvette Li,Moore,cynthia78@example.net,"USNS Johnson
FPO AE 88036"
Ryan Berry,Huff,bryanmcclain@example.org,"76166 Jensen Causeway
West Lisa, NC 44928"
Roger Berger,Martin,eric37@example.net,"USCGC Combs
FPO AE 08902"
Karen Mitchell,Christian,casemichael@example.net,"85948 Sally Mission Apt. 355
Pearsonmouth, TX 56442"
Julie Freeman,Thompson,ppeters@example.org,"2053 Hawkins Fall Suite 734
Downsside, WI 76737"
Mrs. Shelby Lee,Fowler,edavis@example.com,"82330 Smith Underpass
Lisastad, VT 54328"
Tiffany Perez,Harrison,justin56@example.org,"43476 Ashley Spurs Suite 829
Longview, AR 18719"
Sarah Wright,Paul,tammy29@example.org,"41836 Williams Radial
Christopherfort, PW 31557"
Marisa Moore,Davis,lloydamy@example.com,"06446 Watson Vista
Hortonmouth, IN 67601"
Ryan Ellis,Haynes,cherylduffy@example.com,"5759 Brown Causeway
Lisafurt, TX 19781"
Christopher Brown,Stein,swall@example.com,"054 Roberto Club Suite 724
Nunezton, NH 06604"
Anthony Taylor,Ruiz,lraymond@example.org,"216 Dean Parkways
New Rachel, PW 40089"
Jasmine Crawford,Brown,lpayne@example.org,"25622 Richard Via Suite 892
East Dominique, SC 31261"
Michael Smith,Smith,alvarezjeffrey@example.com,"718 Rodriguez Manor
Aguirrehaven, WV 52618"
Erica Stuart,Martin,ecampos@example.com,"075 Jason Grove
Port Richardburgh, TN 08843"
Holly Mendoza,Mack,ioconnor@example.org,"612 Walls Drives
Johnton, MP 02343"
Mark Horton,Patel,ymurphy@example.com,"84588 Wendy Greens
West Susanside, DE 12206"
Walter Willis,Rodriguez,clarkmichael@example.com,"470 Rachel Mountain Apt. 865
West Laurashire, IN 85403"
Sarah Moran,Smith,amyjohnson@example.com,"7549 Hernandez Walks Suite 826
Charlesmouth, IN 20769"
Robert Mayo,Branch,xtapia@example.com,"1253 Carol Crest Apt. 618
Courtneytown, AZ 60918"
William Moore,Nelson,ucarr@example.org,"64060 Shawn Meadows Suite 216
Lake Sherry, NE 72121"
Shelly Ross,Wells,matthewlamb@example.com,"004 Bridges Glen
Cristianview, CA 19828"
Courtney Baldwin,Baker,christophercruz@example.org,"Unit 6338 Box 3255
DPO AP 54881"
Mario Peters,Howard,qstout@example.org,"668 Smith Village Suite 574
Lake Rebeccafurt, FL 01034"
Tammy Gutierrez,Hernandez,darren61@example.org,"16108 Heather Extension Suite 129
Kelleyfurt, NM 75388"
William Johnson,Graves,bradbenitez@example.net,"787 Hess Skyway Apt. 305
New Paul, NH 43490"
Sean Mitchell,Houston,marissaray@example.com,"862 Brady Light Suite 420
Williamburgh, VT 27436"
Michael Johnson,Rogers,julia12@example.net,"962 Kelsey Islands Apt. 362
Montgomeryberg, CO 16019"
Mark Morris,Mccormick,markcole@example.com,"PSC 3335, Box 8382
APO AP 32843"
Katherine White DVM,Williams,eric95@example.com,"1131 Thompson Street
Port Teresaville, GU 38820"
Mary Roberts,Campos,kendra25@example.org,"33743 Michael Heights Apt. 757
New Ericton, WY 94224"
Laura Jones,Johnson,johnsonrachel@example.com,"204 Johnson Valleys
South Sarahview, UT 59713"
Joshua Cole,King,justinhoffman@example.net,"47550 Pierce Shoal
Lake Gilbertburgh, ND 54039"
Ashlee Castillo,Mendoza,hannahdunlap@example.net,"94878 Brian Forest
Michaelland, CA 39763"
Amanda Estes,Mcdowell,joshuamendoza@example.net,"PSC 3696, Box 4211
APO AE 77777"
Kimberly Elliott,Edwards,nward@example.org,"52776 Daniel Mount Suite 793
Alishaport, NM 14325"
Mr. Michael Reese,George,zgonzales@example.org,"76536 Lee Path
Moralesport, AL 92428"
Gabriella Smith,Barnett,scalderon@example.org,"589 Mark Walk
New Michaelstad, MP 63249"
Sarah Rivera,Jensen,lorismith@example.org,"684 Jason Turnpike
North Claudia, WA 18671"
Brian Anderson,Cox,jordanrobert@example.org,"81772 Antonio Spurs
Michellestad, MD 99483"
Evelyn Walter,Miller,jason24@example.org,"PSC 3010, Box 3603
APO AA 91668"
Michael Lopez,Walker,scottthompson@example.com,"2647 Holly Bypass Suite 156
North Brian, VA 34820"
Lauren Harrington,Campbell,jessicagreene@example.net,"24358 Richard Hills
West Stephanieshire, MI 66140"
Donald Ford,Orozco,jeremiah64@example.net,"1853 David Keys Apt. 841
Morrismouth, PR 60212"
Dustin Alexander,Banks,glenda09@example.org,"8046 Higgins Street
Brownfurt, GA 09930"
Crystal Harris,Fleming,jonathan77@example.net,"5433 Potts Vista
Fullerchester, MD 82386"
Sarah Phillips,Jordan,andrew20@example.org,"51870 Zachary Cape
Markborough, IN 75425"
Doris Walsh,Moore,noblerobert@example.net,"0332 Brown Keys Apt. 703
Friedmanberg, NJ 76403"
Oscar Hernandez,Allen,carol91@example.org,"47617 Julie Light
New Nicholas, AS 74417"
Karen Norman,Hood,margarettrujillo@example.org,"PSC 2423, Box 7191
APO AE 68370"
Scott Rodriguez,Cortez,luiswilson@example.net,"4654 Shelby Underpass
North Thomasside, MD 46743"
Michele Allison,Padilla,nathan94@example.org,"58395 Ramirez Turnpike
Rodneyville, MT 79842"
Cathy Price,Vargas,danielperry@example.org,"4064 Campos Keys Suite 817
North Alexandraside, VI 98692"
Briana Garcia,Camacho,nicolas33@example.com,"301 Angelica Radial
East Allison, KY 76365"
William Velasquez,Lam,trivera@example.org,"PSC 7280, Box 0037
APO AE 37060"
Brandon Dean,Velasquez,rwilliams@example.net,"29557 Robin Track
South Kimberly, LA 14219"
Joshua Holland,Miranda,chandleramanda@example.org,"525 Mark Motorway Suite 933
North Morganchester, MH 14439"
Margaret Townsend DVM,Griffin,robin34@example.net,"97836 Moore Union Apt. 244
North Christopher, NV 99647"
Charles Mason,Jimenez,ellisrichard@example.org,"767 Thomas Burg Suite 993
South Laura, MS 55780"
Mr. Sean Cruz,Thomas,mary96@example.org,"USS Williams
FPO AA 17091"
Debbie Martinez,Sullivan,dwood@example.net,"76144 Miranda Mills Suite 865
Petersonton, DC 49280"
Amy Sherman,Mccullough,edwardsmelissa@example.com,"878 Shawn Mission Suite 823
Rogerchester, MD 20676"
Julie Baker,Yates,sarahperez@example.net,"163 Martinez Harbor
Lake Heidi, TX 72595"
Jessica Young,Callahan,thompsonandrew@example.org,"4602 Michael Path
Lanechester, ME 94146"
William Hernandez,Bates,johnsondavid@example.org,"2409 Price Greens
Melissamouth, AZ 70757"
Carl Mcbride,Norris,christopher76@example.net,"888 Dawn Mews Suite 352
Zacharyport, VA 40495"
Sandra Cunningham,Stephens,lindanichols@example.org,"28969 Reed Ferry
Christinamouth, WI 20082"
Christopher Allison,Moreno,groy@example.net,"79497 Smith Ways
Leslieshire, CT 35310"
Jessica Bass,Smith,stevensonangela@example.com,"854 Shane Squares
Rachelshire, MP 64354"
Frank Yates DVM,Terry,brian07@example.com,"7746 May Place Apt. 205
Davisberg, OR 03315"
Jillian Massey,Lambert,williammathews@example.org,"7232 Jessica Drive
Kimfort, IL 73605"
James Park,Whitney,brad85@example.com,"1523 Jackson Station Suite 328
Glennview, HI 09195"
Franklin Thompson,Rogers,brentellis@example.net,"6491 Sharon Way Apt. 499
Castilloland, NM 29691"
Raymond Miller,Costa,rjacobs@example.net,"733 Kenneth Squares Suite 906
East Diana, UT 58134"
Hayley Simmons,Clements,gvelez@example.com,"924 Brad Port
Valdezbury, OH 43111"
Jennifer Rios,Vasquez,zbailey@example.org,"PSC 9713, Box 9978
APO AA 33939"
Mr. David Williams Jr.,Bridges,ygarcia@example.com,"2047 Bryan Mount Suite 186
South David, KS 22992"
Jill Espinoza,Reyes,toddmason@example.net,"161 Barnes Plaza Apt. 520
West Bobchester, RI 36874"
Daniel Miller,Murillo,mjacobs@example.net,"732 Timothy Ways
Changfort, ID 14553"
William Austin,Davidson,ortiznathan@example.org,"57650 Rachel Turnpike
North Brooke, MA 35851"
Judy Jimenez,Marquez,sherryburton@example.net,"420 Leslie Islands
Lake Michaelchester, NC 58780"
Karen Houston,Briggs,kelsey56@example.net,"60131 Page Fords Suite 210
Bernardburgh, DC 52897"
Gina Gomez,Scott,fflowers@example.org,"Unit 5405 Box 0483
DPO AE 18977"
Glenn Martinez,Frey,reesesamantha@example.com,"424 Michelle Vista
Carsonfurt, KS 67617"
Todd Torres,Miller,luisrowe@example.org,"4730 Katherine Parkways
Tylerton, OH 67303"
Carolyn Swanson,Daugherty,nicole95@example.org,"53588 Cassidy Groves Suite 747
Smithmouth, AL 91550"
Leslie Browning,Rhodes,williammoreno@example.org,"104 Daniels Locks Apt. 448
East Luke, AK 20257"
Melinda Schultz,Waters,dennis34@example.net,"7348 Fischer Mount
Davidtown, NJ 31636"
Lauren Kerr,Richard,hramos@example.org,"233 Wilson Locks
South Marcusmouth, GU 65745"
Darrell Franklin,Valdez,qswanson@example.com,"USCGC Nguyen
FPO AE 71381"
Gary Waters,Flores,matthewsyolanda@example.com,"9285 French Greens
Nancyshire, NH 57792"
Patricia Wagner,Estes,habbott@example.com,"0487 Eric Wells Apt. 630
Biancafurt, CT 26216"
Diane Gardner,Ford,deleonmichelle@example.net,"PSC 5834, Box 2749
APO AA 68293"
James Wells,Thomas,hparks@example.com,"2005 Erik Mountains Apt. 961
Brandonburgh, MS 11113"
Karen Warren,Olson,kenneth44@example.net,"770 Tiffany Port Suite 073
Port Anne, NJ 94424"
Beverly Nelson,Mitchell,randy46@example.com,"87655 Angela Corners
Lake Davidmouth, MH 23299"
Melissa Frost,Davis,michelleking@example.com,"USCGC Kim
FPO AP 27881"
Michael Martinez,Martinez,casey46@example.net,"121 Wiggins Grove
Wardville, AK 94249"
Brett Hawkins,Gonzalez,coxcarl@example.com,"990 Coffey Throughway Apt. 335
Andersonburgh, MD 74266"
Bonnie Allen,Baxter,guzmanchristopher@example.com,"25837 Vincent Unions Suite 501
Spencershire, NV 08711"
Benjamin Roman,Buck,aaron46@example.org,"561 Clay Fork
Lewisstad, NY 31649"
Kathryn Davis,Anderson,schmidtcorey@example.com,"363 Sharon Neck
Lake Kevin, MH 21163"
Matthew Fernandez,Gross,parkeredward@example.com,"41288 Blake Turnpike
West Jasonberg, TN 41457"
Jonathan Newman,Wells,cheyenneandrews@example.net,"4342 Grant Via
Melanieshire, NH 43926"
Dawn Castillo,Hawkins,autumnguerrero@example.org,"23265 Mccoy Mews Apt. 434
South Melissa, KY 06665"
John Sampson,Mayer,bbaker@example.net,"659 Natalie Extensions Apt. 644
Youngburgh, VT 83254"
James Kent,Graves,cgamble@example.org,"304 Jessica Burgs
Davidview, NJ 09443"
Robert Fischer,Davis,kaitlynanderson@example.org,"81639 Marco Station
North Jodi, LA 86560"
Nicole Cain,Graham,weaverjohn@example.net,"07183 Conley Vista Suite 130
Kathleenland, PA 34725"
Kristin Richard,Velez,fcoleman@example.org,"USNV Decker
FPO AA 72585"
Miguel Anderson,Acevedo,thomasdawn@example.net,"USNV Parsons
FPO AA 66413"
Joshua Porter,Wood,williamconway@example.net,"44333 William Pine Apt. 202
Josephbury, VT 06921"
Diana Simpson,Berry,cporter@example.org,"USS Weber
FPO AA 05003"
Alyssa Burns,Baker,cadams@example.org,"USNS Hudson
FPO AA 37700"
Jeremy Baker,Jones,vaughnamy@example.com,"039 Farrell Motorway
North Carl, VT 60928"
Gary Walker,Robinson,woodthomas@example.net,"8270 Dean Burg Apt. 281
Port Williamport, ME 63068"
Kathleen Hall,Delgado,zadams@example.net,"Unit 1642 Box 1174
DPO AP 76807"
Richard Sawyer,Dunn,brivera@example.net,"36434 Jones Viaduct Apt. 820
Allisonmouth, MI 31926"
Isaac Reynolds,Esparza,andre75@example.net,"1601 Thomas Ridge Suite 911
South Valerieport, IN 32314"
Colleen Mahoney,Marsh,ronaldaustin@example.com,"5051 Becker Mission
Latashabury, HI 35948"
Shelley Cooper,Watson,jjones@example.com,"8033 Cheryl Prairie Suite 543
Zacharymouth, KS 32844"
Michael Hayes,Wolfe,amymccarthy@example.org,"3709 David Mission
Ricardoton, IL 82357"
Kenneth Parker,Goodman,gnunez@example.net,"38471 Olson Expressway Apt. 430
Port Jeffreybury, VA 48482"
Michael Perkins,Petty,turnerronald@example.net,"1622 Logan Freeway
North Julie, CO 04331"
Anthony Lee,Sharp,timothy26@example.net,"587 Scott Estate Suite 526
North Jenniferstad, VA 28346"
Alan Turner,Buckley,chelsea78@example.com,"PSC 6174, Box 0874
APO AA 02248"
Meagan Kim,Scott,christopher46@example.org,"045 Timothy Manors
North Maria, PW 86041"
Richard Owens,Brown,davisdeanna@example.com,"38382 John Rapids
South Bradley, NH 88538"
Jessica Padilla,Fleming,brendadorsey@example.com,"983 Fuller Rapids
West Kathrynland, PR 14816"
Jennifer Hinton,Fields,fieldskatherine@example.com,"2449 Sherry Haven Apt. 676
New Candice, NE 86220"
Hannah Carter,Shields,adam95@example.com,"19296 Heather Stravenue Suite 973
New John, AZ 17871"
Maria Gilmore,Smith,hcabrera@example.net,"PSC 9737, Box 7396
APO AA 80908"
Ryan Velasquez,Acosta,alexa13@example.org,"045 Hernandez Hills
Vargasville, NE 48256"
Christopher Stone,Munoz,julie14@example.org,"820 Brown Wall
Adamsside, AR 11354"
John Phelps,Bernard,lynnrobert@example.org,"USCGC Rangel
FPO AP 15827"
Rebekah Moses,Clark,brittany33@example.org,"9962 Jacobs Tunnel Apt. 629
New Codyton, AZ 36639"
John Scott,Johnson,jamesgarcia@example.net,"0503 Barber Heights Suite 749
West Sallyborough, FL 61699"
Emily Wilson,Roberson,clarkdennis@example.org,"94902 Little Common
Port Rhonda, NJ 71199"
Amber Wells,Garcia,sharonrivera@example.org,"USCGC Franco
FPO AE 72999"
Wanda Murphy,Leonard,hunterrichard@example.com,"4970 Joy Key Apt. 973
Stephenchester, NH 97944"
Matthew Banks,Smith,khanrachel@example.org,"9224 Dennis Streets
Katherineshire, KY 85345"
Sherry Coleman,Greene,bakerduane@example.net,"44051 Michele Crossroad Suite 602
Aguilarhaven, NE 76297"
Robert Johnson,Rose,garciamichael@example.com,"84680 Teresa Inlet Apt. 555
South Timothyberg, MN 43330"
Scott Russell,Sanchez,daniel15@example.com,"653 Luna Corners
Mirandashire, NC 27062"
Linda Contreras,Harrison,michael54@example.net,"80511 Burke Crossroad
South Anthonybury, NH 25641"
Daniel Taylor,Davis,vdixon@example.com,"0715 Daniel Turnpike
Johnberg, HI 30772"
Linda Garcia,Miller,hendersoncody@example.org,"2877 Taylor Plaza
South Jamiemouth, CA 09833"
Rebekah Frost,Reynolds,markmay@example.net,"7361 Michael Parkways
Rasmussenmouth, HI 56588"
Jason Chavez,Hodges,andrea96@example.org,"584 Alexander Locks Suite 995
Smithberg, NH 73384"
Kara Crawford,Murphy,curtis00@example.net,"3901 Hobbs Mill
Port Alyssachester, CA 49476"
Debra Blake,Lee,fischermatthew@example.net,"PSC 8420, Box 7244
APO AE 27507"
Ian Rowe,Nolan,hopkinschristopher@example.org,"4840 Anita Tunnel Suite 562
Stephanieberg, MT 31872"
Henry Nguyen,Allison,jessica17@example.com,"61814 James Plain Apt. 075
Williamsport, ME 36907"
Adrian Garcia,Fleming,michaellopez@example.org,"329 Smith Circle
North Kristinshire, PA 97896"
Shawn Cox,White,erin41@example.com,"95117 Brown Alley Apt. 987
Anthonybury, GU 22353"
William Rivera,Taylor,johnsonanne@example.org,"5988 Clark Mountains
East Robertstad, WY 99409"
Ricardo Dunn,Davis,ocooper@example.com,"0858 James Expressway
New Michael, FM 97529"
Denise Riley,Glover,jorgewhite@example.org,"477 Fry Island
Lake Melissaport, PW 06932"
Tyler Jordan,Cox,esmith@example.net,"5904 Bowman Isle Suite 872
Lambertton, NJ 94488"
Pamela Davis,Hurst,williamdecker@example.org,"625 Kirk Mountain
East Stevenland, CT 12098"
Laurie Elliott,Taylor,fisherdwayne@example.net,"92649 Henderson Heights Suite 734
Floresbury, PA 74282"
Michael Kent Jr.,West,harveytimothy@example.org,"3986 Miranda Key Apt. 717
New Sonya, IN 15489"
Derrick Morales,Coleman,snewton@example.net,"198 Hicks Well Apt. 040
Carolville, SD 08883"
Jennifer Johnson,Farmer,larry56@example.org,"74287 Solomon Dale Suite 830
New Nicoleland, MS 37214"
Garrett Jackson,Sims,aaronarmstrong@example.com,"088 Jackson Village
Christybury, AL 33944"
Robert Arnold,Mitchell,morganstewart@example.org,"52004 Sarah Village Apt. 959
South Annaborough, TX 61225"
April Duran,Howard,ddavis@example.org,"158 Kimberly Shore
Tammyfurt, NM 52809"
Christopher Gardner,Ellison,pbell@example.org,"79825 Tracy Common
Michaelhaven, AL 85131"
Ronnie Hester,Grant,phillipslisa@example.net,"9154 Vincent Rest Apt. 651
Woodhaven, OH 36350"
Matthew Davidson Jr.,Green,paynedavid@example.org,"670 King Groves
North Deborahside, MS 76276"
Richard Clark,Lindsey,phillipsseth@example.com,"613 Webster Islands
New Taylortown, PW 04584"
Brian Adams,Thompson,lpage@example.com,"0171 Miller Shoal Apt. 814
Teresabury, GU 62574"
James Williamson,Morton,lopezricardo@example.org,"5529 Sullivan Mountains Apt. 565
Port Andrewshire, WV 59727"
Cheryl Little,Richardson,wpierce@example.org,"09005 Jay Shoal
Danielhaven, VA 33896"
Jonathan Williams,Gardner,jasonadams@example.org,"1115 Hickman Shoal
Sethbury, WY 25854"
Helen Drake,Holmes,jacksongarcia@example.org,"9041 Adrian Ranch
Bensonberg, DC 32926"
Michelle Wise,Mosley,cassandra56@example.org,"92135 Sherry Springs Apt. 779
New Nicholas, IN 05242"
Lori Lee,Davis,diane85@example.com,"932 Hamilton Rapid Suite 128
Susanport, CT 33381"
Brian Baker,Hunter,hilljoseph@example.com,"05054 Weaver Extensions Apt. 936
Jasonshire, NC 51923"
Andrew Rush,Pace,kendrapierce@example.org,"9480 Sullivan Rue
East Angelica, PR 14351"
Denise Boyd,Guerra,julie46@example.org,"0377 Sutton Shoals
Jilltown, UT 60706"
Brad George,Rogers,terrybailey@example.org,"6681 Drew Extensions
New Alan, WI 19225"
Krista Stanley,Bullock,kathleen08@example.org,"11638 Amy Heights Suite 838
Port Andrewton, RI 38647"
Teresa Carson,Harding,emartinez@example.net,"516 David Loaf Suite 146
Michaelberg, DE 65380"
Kimberly Reilly,Cohen,garciatimothy@example.net,"08274 Becky Locks Apt. 241
Johnside, UT 07589"
Mary Kramer,Bell,veleztina@example.net,"04312 Wagner Plains
Port Cameron, WV 86129"
Daniel Foster,Herrera,ijackson@example.org,"70217 Reynolds Pine
New Adam, VI 99432"
Jonathan Lynch,Cooper,fordvictoria@example.org,"279 Medina Burg Apt. 099
Leemouth, PA 06043"
Anthony Gill,Moore,hollowaymatthew@example.org,"149 William Green
Sheenahaven, AS 14271"
Lucas Powell,Archer,josephbeard@example.net,"PSC 4715, Box 1093
APO AP 79257"
Angela Marquez,Gomez,andrerivera@example.com,"831 Vaughn Mountain
Coryside, TX 79866"
Theresa Gomez,Hunter,alexandra69@example.net,"6211 David Ways Suite 783
Port Juliefurt, FM 20724"
Daniel Robertson,Bowman,davidwiley@example.net,"339 Darius Parkways
East Kevin, WV 79287"
David Garcia,Jackson,smithdanielle@example.com,"Unit 6282 Box 4389
DPO AE 76310"
Rebecca Holloway,Smith,davidbridges@example.com,"17869 Matthew Throughway
South Devin, NY 58673"
Hector Smith,Howard,cbauer@example.org,"803 Burgess Flat
Gonzalezport, OH 12228"
Ann Fuller,Fowler,erinhall@example.com,"3001 Jaime Cliffs
Jamesstad, ID 05827"
Sarah Mccoy,Hale,kevingonzalez@example.com,"01498 Alex Harbors Apt. 081
Amandashire, IA 11067"
Sara Carlson,Simmons,daniel21@example.net,"24736 Perry Pine
New Sheena, ND 75936"
Paul Sanders,Hernandez,kellyheidi@example.org,"885 Schultz Crossroad Apt. 399
Hamiltonmouth, AR 84481"
Kara Martinez,Hendrix,bentontony@example.com,"098 Graves Lakes
Oliviaport, UT 30460"
Walter Martinez,Rivera,jessica33@example.org,"41600 Angela Field Suite 060
Gabrielchester, WY 41178"
Rodney Baldwin MD,Clayton,joyvega@example.com,"67180 Morris Locks Suite 183
Larrytown, AR 99207"
Cynthia Leonard,Myers,tracyharris@example.org,"6732 Thomas Point
Ramirezfort, GU 82350"
Alan Hale,Benjamin,diana05@example.com,"63535 Miller Mall
West Michaelshire, IA 04069"
Joseph Williamson,Thomas,nicholas66@example.net,"904 Robertson Junctions Apt. 416
Jacksonbury, CO 25504"
Karen Robinson,Turner,goldennicholas@example.com,"USS Roy
FPO AP 42866"
Andrew Oneill,Rivers,rick52@example.org,"918 Mckee Mount Suite 056
Kennethmouth, CT 47921"
Holly Cook,Rodriguez,mosleyleah@example.org,"PSC 4729, Box 7519
APO AA 70127"
Jonathan Larsen,Smith,annehanson@example.net,"PSC 5679, Box 9065
APO AE 41509"
Patrick Macias,Ball,crawfordmarissa@example.com,"6681 Green Alley
North Joelview, ID 43123"
Maxwell Edwards,Mack,cheyenne45@example.com,"04701 Lopez Course Suite 373
New Anneburgh, VI 57867"
Deborah Nunez,Johnson,gonzalezkenneth@example.net,"82174 Andrew Falls Apt. 752
Port Martin, FM 04282"
Megan Banks,Bennett,oarellano@example.net,"858 Mendoza Rapid
Kristinfurt, CA 16876"
Lisa Obrien,Smith,promero@example.org,"06602 Tyler Track
South Mary, NH 14709"
David Robles,Johnson,larsonchad@example.net,"38901 Michael Wells
Lake Paulaville, MH 52020"
Kyle Sanders,Morgan,kevin27@example.net,"274 Diane Pines Apt. 279
South Jennifer, NY 91444"
Paul Tyler,Robinson,smithnicole@example.org,"1681 Weaver Walk Suite 167
Thomasside, MS 33077"
Andrew Mcintosh,Cisneros,james39@example.net,"563 Marshall Coves Suite 727
New David, CT 36723"
Joseph Norton,Alvarez,iblack@example.org,"8333 Frank Locks
Morristown, RI 28031"
Daniel Riley,Garrison,vturner@example.net,"53097 Williams Stream
North Michael, MI 93960"
Samuel Miller,Riley,davidmoreno@example.org,"8998 Lauren Drive
New Bridgetville, NC 09750"
Marisa Salinas,Moore,scotttracey@example.net,"PSC 9770, Box 5253
APO AE 61344"
Kristy Lee,Taylor,jacqueline17@example.net,"4561 Graves Spurs
Crystalville, SD 41999"
Heidi Lester,Scott,robertsmatthew@example.com,"57961 Harris Islands Apt. 936
Markland, DE 61747"
Jonathan Nunez,Brown,adamssheri@example.net,"17200 Ryan Hill Apt. 652
West Vincentfort, PR 95078"
Matthew Nguyen,Diaz,james12@example.com,"9426 Allen Street
Martinhaven, PA 83266"
Jessica Davidson,Lowery,travismoon@example.net,"2881 Robert Freeway Apt. 464
East Bobby, ND 84998"
Marilyn Wagner,Fields,choidavid@example.org,"02092 Luis Circles Suite 886
Joneshaven, ND 53770"
Jennifer Schmitt,Smith,benjamincarson@example.com,"Unit 5100 Box 6306
DPO AP 99663"
Kathryn Decker,Nash,terrance28@example.com,"281 Jacqueline Drives
Christopherville, ND 70426"
Dr. Michael Hopkins,Brock,maryhall@example.com,"Unit 6655 Box 1399
DPO AP 05525"
Lucas Cordova,Holland,ppage@example.com,"91931 Turner Plains
New Suzanne, FL 66096"
Trevor Joseph,Foster,kelleymichael@example.org,"1914 Wagner Route
Valenciaside, TX 37150"
Chelsey Smith,Nielsen,danielmorris@example.com,"09987 Christopher Oval Apt. 952
North Kimberly, WI 76934"
Tony Scott,Oliver,sspencer@example.org,"9153 Elizabeth Dale
Jeffreyshire, AL 28276"
Becky Williams,Franklin,omiller@example.com,"6452 Ashley Tunnel Suite 959
New Nicoleton, NY 16605"
Jennifer Walker,Paul,kathleen51@example.com,"173 William Extension Apt. 322
Davisberg, FL 23772"
Scott Rogers,Wells,thomasbennett@example.net,"8350 Amy Falls
Lake Wesleyton, LA 94765"
Roberto Sawyer,Williams,ericaroberts@example.org,"719 Wilson Gardens
Lake Nancy, MT 10867"
Willie Holloway,Clay,brennanfrank@example.net,"28905 Gould Turnpike Suite 059
Stephaniehaven, FM 88053"
Christina Love,Ferguson,tracybradley@example.com,"722 Tammy Street Suite 080
Moyerstad, WA 83933"
Amy Deleon,White,alvarezfred@example.net,"223 Hodge Drive Suite 615
Brittanyfort, IN 55000"
Alicia Silva,Gross,eyoung@example.com,"029 Morgan Bridge
New Peterland, NJ 44436"
Jacqueline Perez,Garrett,lmaxwell@example.com,"3474 Jones Well
Blakefurt, CO 48444"
Joseph Hernandez,Martin,oconley@example.com,"PSC 3350, Box 3817
APO AA 80230"
Kelly Hamilton,Scott,salaskevin@example.net,"8722 Henry Throughway
Lake Pamela, NH 68888"
Debra Walker,Knight,jamesarmstrong@example.org,"58608 Wayne Ridge
Lake Michele, MI 06405"
Megan Lee,Nguyen,wpham@example.com,"768 Williams Stravenue Apt. 239
Johnsonland, SC 87826"
Eric Henry,Smith,caitlyn32@example.com,"0362 Madison Track Suite 580
Lake Robertberg, IL 43297"
Kenneth Williams,Fuller,pvelasquez@example.com,"75163 Todd Station
Parrishfurt, FM 93225"
David George,Tucker,johnsonkeith@example.org,"824 Maria Field Apt. 457
Aprilhaven, MO 27859"
Philip Mcintyre,Miller,danielli@example.org,"936 Schwartz Fort
Victoriaberg, MA 05417"
Stephanie Reed,Moore,njones@example.com,"Unit 6751 Box 5879
DPO AP 83071"
Joseph Cortez,Gomez,stephen10@example.com,"796 Mcdaniel Rapids
Lake Sonyaberg, HI 30717"
Leslie Ramirez,Williams,lewischristine@example.net,"465 Kylie Loaf
New Annafort, NJ 47771"
Rick Thompson,Hoffman,michael91@example.org,"111 Brett Run Apt. 093
Nicholasmouth, MT 28824"
William Robles,Davidson,pgonzalez@example.org,"7101 Wong Squares
South James, HI 54295"
Jacob Salazar,Evans,kkim@example.net,"84737 Kristin Manors Apt. 854
Georgemouth, PR 53512"
Tammy Williams,Dunn,leebruce@example.net,"849 Hernandez Mall
West Victoria, OK 37837"
Ana Martin,Harris,rossnicholas@example.org,"8849 John Roads
Lake Timothyhaven, AL 95951"
Russell Nichols,Yang,thoover@example.net,"253 Webb Rapid
Port Donald, MH 89811"
Caitlin Hernandez,Frazier,sarah47@example.org,"906 Colin Ports
Angelicamouth, WA 50919"
Amy Carter,Pacheco,cynthia64@example.org,"USNV Gonzales
FPO AA 86665"
Christopher Long,Ibarra,jenniferjones@example.com,"39574 Smith Lodge Suite 827
South Jamesborough, MT 82296"
Katherine Graham,Dunlap,christopher35@example.org,"USNS Hopkins
FPO AP 90951"
Riley Preston,Williams,lpoole@example.com,"24295 Pace Falls
North Raymond, NY 93429"
Michael Stephens,Collins,vanessadavis@example.net,"3132 Hill Haven Apt. 854
Robertsonfurt, KS 03740"
Breanna Brown,Simmons,rebeccathompson@example.net,"047 Phillip Unions Apt. 810
West Gregoryport, PA 86021"
Julie Barrett,Allen,rwallace@example.org,"Unit 9400 Box 5705
DPO AP 44026"
Stephanie Dean,Mcmillan,scott28@example.net,"958 Martha Passage
West Phillipview, MN 13709"
Levi Torres,Chaney,anthonywalker@example.net,"5829 Ryan Spur
West Jessicafurt, MN 04351"
Lance Morris,Thomas,qmeadows@example.org,"PSC 7841, Box 6062
APO AP 79509"
Peter Jones,Wilkinson,smithcourtney@example.net,"54100 Angela Point
South Jacquelineborough, NY 30323"
Rose Harrison,Beasley,jeremynorman@example.org,"502 Nicole Land Suite 808
Rileyton, WA 91121"
Ashley Chavez,Neal,qtaylor@example.com,"USS King
FPO AA 54332"
Keith Simmons,Johnson,billybarnett@example.net,"4421 Young Mill
Paulbury, NH 31636"
Heather Mccormick,Reyes,gardnerjohn@example.com,"010 Gonzales Shore
New Jenna, GU 27895"
Paul Hayes,Martin,lryan@example.com,"884 Nielsen Ranch
Loriland, NM 77210"
Nichole Little,Meyers,robertporter@example.net,"9392 Samuel Divide
North Kimside, MO 30311"
Alex Russell,Butler,hroberts@example.com,"250 Lee Plaza
Wardborough, MI 83338"
Megan Stokes,Bowman,kyle96@example.com,"445 Nichols Curve
Port Anthonybury, PR 23169"
Carol Anderson,Warren,vbean@example.org,"9967 Stark Branch
Mccartyberg, AR 31551"
Anita Hobbs,Williams,sarah53@example.net,"533 Latasha Harbor
Johnsonfort, AZ 88965"
David Kim,Morris,steven33@example.org,"376 Olson Shoal
Figueroafurt, KY 20551"
Richard Decker,Estrada,jerry89@example.org,"08183 John Point Apt. 295
Frankbury, HI 41614"
Kevin Larsen,Price,jacqueline88@example.net,"7968 Rachel Knolls
Port Thomas, MA 19653"
Jonathan Johnson,Anderson,allenjason@example.net,"903 Jones Mall Suite 412
Gordonton, NJ 87673"
Luke Cortez,Johnson,shaun35@example.org,"0273 Larry Inlet Apt. 778
Christopherburgh, MO 88620"
Katie Powers,Gill,jessewhitaker@example.org,"82648 Thomas Drive
Port Tracyfort, AR 03979"
Melissa Arnold,Jones,cassidymack@example.net,"9593 Alexandra Mews
Kaiserfurt, MH 27874"
Erik Fletcher,Solomon,kyle16@example.com,"2441 Sullivan Meadows
East Anthonyside, PA 53128"
Brian Lewis,Chen,tiffany72@example.org,"6539 Landry Square
Kingland, TX 54749"
William Barrett,Wade,igriffith@example.com,"357 Jonathan Radial Suite 325
East Christinemouth, CA 90583"
Casey Powers,Bell,charleslang@example.com,"894 West Station
Victorbury, WA 11708"
Christopher Johnson,Clark,tolson@example.org,"5969 Valerie Court Suite 378
Stokesville, VI 49204"
Lauren Howard,Hurst,austin34@example.net,"23075 Danielle Mall
Tylerchester, AL 56039"
Tracy Cook,Macias,gregory06@example.org,"5653 Brenda Underpass
West Todd, AL 66635"
Jessica Willis,Smith,garciajoseph@example.org,"007 Hill Key
North Charles, MI 08023"
Timothy Steele,Scott,vasquezronald@example.org,"USNV Dudley
FPO AP 34219"
Michael Fox,Duke,lucasjennifer@example.net,"23036 Little Falls Suite 268
Nguyenview, AR 08865"
Susan Christensen,Rose,camachomichael@example.org,"067 Danielle Ways Apt. 163
Scottville, NJ 69994"
Danny Webb,Wiley,fjohnson@example.net,"0019 Haynes Street
South Stephanie, OH 30574"
Christopher Stokes,Palmer,caitlyngraves@example.net,"302 Rhonda Overpass Apt. 417
New Felicia, MT 00974"
Tina Little,Larson,lhanson@example.net,"8650 Richardson Mountain Apt. 017
Karenmouth, ND 03932"
Richard Martinez,Bridges,youngjames@example.com,"573 Phillips Forge Suite 313
Lake Shellystad, AS 19285"
David Hansen,Johnson,victoriaolson@example.com,"708 Higgins Drive Apt. 330
Donnabury, WV 52020"
Ashley Navarro,Perkins,michael44@example.org,"605 Gonzales Greens Suite 896
South Crystalchester, PW 24604"
Kelly Floyd,Paul,rebekah48@example.com,"182 Hood Park Apt. 724
Lanceborough, AK 57560"
Charles Brown,Anderson,tanya76@example.net,"PSC 6395, Box 7708
APO AE 05824"
Alicia Shannon,Collins,chavezmichael@example.org,"822 Steven Cliffs Suite 055
Denisestad, LA 21991"
Robert Fernandez,Griffin,mcdanielnicole@example.net,"917 Jackson Fields
Marychester, IL 08219"
Paul West,Flores,patricia41@example.com,"PSC 7780, Box 6304
APO AE 36452"
Angela Holland,Bauer,lindsaycalderon@example.org,"735 Li Park
Bowenfurt, MS 53297"
Evelyn Cantrell,Torres,ramirezkelsey@example.org,"74291 Gilbert Crossing Suite 899
Jordanton, MH 62611"
Mr. Jared Bennett,Smith,marksgeorge@example.org,"49086 Sandra Plaza
Jenniferhaven, NY 95318"
Levi Bailey,Jacobs,michael97@example.org,"224 Blevins Village
Kevinchester, NC 20711"
Joseph Watson,Galvan,flemingdebra@example.org,"PSC 1307, Box 3956
APO AA 98542"
Alexander Shields,Coleman,melaniemendoza@example.org,"USS Hernandez
FPO AE 97366"
Tyrone Diaz,Reed,robert45@example.net,"0541 Christine Gateway
Steeleburgh, IL 51140"
Robert Mcintyre,Adams,bdodson@example.net,"68189 Carroll Motorway Apt. 127
West Christopher, HI 40392"
Robert Johnson,Wiggins,bhicks@example.net,"9376 Tiffany Crest Apt. 461
East Kathy, VT 92683"
Molly Cox,Carroll,solisjohn@example.com,"USNS Wall
FPO AP 38201"
Jill Bennett,Wagner,pamela15@example.com,"83230 Robles Valleys
Johnstonstad, IL 19202"
Bryan Fisher,Mccullough,charlesgray@example.org,"6076 Cordova Wall Suite 183
New Toniborough, IA 05887"
Juan Foster,Bryant,martinezalexandra@example.org,"235 Matthew Branch Apt. 564
Sanchezberg, AK 99666"
Eric Howell,Figueroa,jennifer04@example.net,"109 Pearson Drive Apt. 396
North Williamberg, MD 16075"
Calvin Miller,Price,henry28@example.net,"67117 Tracy Curve
Port Ashleyfurt, VI 80217"
Erik Carter,Gomez,csanchez@example.com,"90585 Anderson Grove
Williamsport, NJ 79693"
Tracie Gardner,Sanchez,ashley82@example.org,"821 Lambert Road Suite 207
Crosstown, LA 36885"
Timothy Young,Martinez,tyler90@example.net,"68924 Mahoney Courts Suite 773
Nathanland, VI 39417"
Gabriel Harrison,Smith,josephward@example.net,"33904 Trujillo Way
Johnstonhaven, NC 71497"
Jennifer Williamson,Wilson,mwhite@example.com,"0652 Jill Fork Suite 693
North Natasha, AZ 81364"
Tyler Bentley,Trevino,halllaura@example.org,"9689 Steven Circle
Rogerstown, WI 06809"
Debra Riddle,Hernandez,vickie03@example.net,"376 Johnson Ford Suite 611
Bryantville, OK 65874"
Ashley Butler,Page,troy18@example.net,"95355 Carter Circle
Lisaland, MT 26919"
Nicole Davis,Campbell,lauramills@example.net,"72073 Vasquez Roads
Russellberg, UT 89468"
Jennifer Williams,Haynes,bmartin@example.net,"495 Donald Plain Suite 886
South Marc, PR 84117"
Stacey Johnson,Carlson,craig86@example.com,"PSC 8995, Box 7205
APO AP 02375"
Cameron Pena,Aguirre,michael32@example.com,"Unit 8229 Box 4030
DPO AP 46647"
Bradley Rangel,Baker,marqueznicholas@example.com,"110 Smith Highway Apt. 012
East David, AL 59683"
Bonnie White,Myers,heatherwhite@example.com,"65698 Bell Flats Suite 293
West Shawnchester, AR 95805"
Tina Todd,Castro,roberthoover@example.net,"56677 Cindy Summit Apt. 508
South Kristen, GU 07214"
Taylor Camacho,Mason,vmiller@example.com,"973 Lopez Plaza Apt. 846
North Matthew, MA 27041"
Christine Keith,Molina,ronaldmcguire@example.net,"263 Brennan Forge Suite 486
Stephanieton, SD 89707"
Joshua Johnson,Barnes,ortegajacob@example.org,"4764 Peters Crescent Suite 621
New Alexandra, OR 85737"
Jennifer Chapman,Griffith,morandiane@example.org,"467 Dustin Mills Apt. 447
North Melissa, PA 57535"
Sharon Mack,Hernandez,davismichael@example.org,"06753 Wilson Falls Apt. 903
Jessicaville, NY 87934"
Jamie Duke,Hicks,blackmark@example.com,"USCGC Hernandez
FPO AA 41826"
Jasmine Mitchell,Anderson,comptonstephanie@example.com,"447 Harris Estates
North Jill, CT 19138"
Kyle Schneider,Cox,jose67@example.org,"749 John Light
East Tracyton, VT 20165"
Kristin Guzman,Simpson,reedmegan@example.net,"5968 Ferguson Pass Suite 231
West Michael, ND 05943"
Alexis Sanchez,Williamson,kevin93@example.com,"63320 Ryan Key Suite 594
Pattersonburgh, MT 57151"
Michelle White,Martinez,crystalramsey@example.com,"72698 Larry Roads
West Gina, DC 46394"
Nicholas Lozano,Mercado,jeremybrown@example.com,"476 Isaiah Port
New Latoya, DE 59833"
Emily Hutchinson,Lopez,laurie57@example.org,"780 Margaret Circle Suite 442
Jonesview, AR 20070"
Holly Stone,Guerrero,john66@example.com,"77606 Jenkins Cliff Apt. 447
West Antonio, FL 82941"
Eric Brown,Green,mweaver@example.com,"431 Matthews Fort
South Brandy, IA 61336"
Brenda Ellison,Lin,cannonrenee@example.com,"84559 Thomas Cove
West Carolyn, UT 30662"
Beth Holt,Williams,williamraymond@example.net,"08645 Sutton Trail Apt. 146
Jameschester, CO 71425"
Christopher Vang,Dixon,snguyen@example.com,"15557 Susan Roads Apt. 500
Lake Richard, ID 23306"
Sara Black,Allen,dwade@example.net,"56228 Jeffrey Burg
Bruceland, NJ 55258"
Molly Lewis,Johnson,hfrazier@example.net,"419 Peters Highway Apt. 121
West Larrymouth, MN 74152"
Christy Williams,Barnes,matthew29@example.org,"30006 Elizabeth Fields
Lorifurt, MH 17585"
Jessica Gordon,Valdez,smercer@example.com,"51738 Watts Burg Suite 357
East Samantha, WI 98285"
Matthew Mason,Bautista,carrie54@example.net,"662 Doyle Knolls Apt. 664
Denisehaven, NE 33810"
Samuel Thompson,Benitez,amandarodriguez@example.com,"6992 Joshua Corners Suite 940
North Thomasville, AZ 41843"
David Cohen,Green,santiagotiffany@example.net,"483 Hughes Place
Joneshaven, RI 71725"
Kayla Ramsey,Arroyo,blackjoshua@example.org,"5431 Hardy Trace Apt. 699
South James, WV 19107"
Patrick Richardson,Brown,amanda75@example.org,"527 Norton Springs
Leeside, WA 42874"
Vanessa Hines,Stout,zeverett@example.net,"66201 Keith Parks
East Scott, WA 70780"
Mia Sullivan,Bowman,brandonjohnson@example.net,"2923 Dennis Path
East Stephanieborough, CA 82789"
Amber Calderon,Rangel,allenkim@example.net,"7603 Brianna Stravenue Apt. 114
Andrewview, MT 40619"
Kevin Mckinney,Brown,gibbskristen@example.com,"0922 Martinez Causeway
Pattersonburgh, IL 38488"
Barbara Fry,Pierce,sellis@example.com,"84951 Scott Union Suite 028
Lake Terrichester, NY 09545"
Kevin Evans,Williams,amandacarr@example.org,"095 Craig Keys Suite 236
South Russellview, TN 41936"
Lance Williams,House,hamptondanielle@example.net,"1061 Nicholas Circles
North William, MT 96624"
Deanna Nicholson,Estrada,jacquelinegreen@example.org,"Unit 6018 Box 9955
DPO AP 47419"
Richard Hamilton,Schmitt,jacksonduncan@example.com,"9866 Yvonne Station Apt. 870
Ashleychester, WI 96756"
Amanda Brown,Boone,matthew35@example.net,"PSC 1589, Box 7249
APO AA 11358"
Brendan Gay,Hansen,oliverdaniel@example.net,"877 Shepherd Walks Apt. 944
Lake Dennis, PA 22671"
William Hoover,Greene,gtaylor@example.com,"596 Courtney Landing
West Meaganport, AK 32725"
Desiree Jones,Brown,pamelalopez@example.com,"092 Ryan Junction Apt. 127
New Michael, ND 32405"
Jessica Powell,Campbell,katherinerosario@example.org,"67181 Lyons Ford Apt. 992
South Laurenmouth, PA 62165"
Abigail James,Smith,elizabethharding@example.net,"6772 Andrew Station Apt. 434
Bradborough, CT 31847"
Megan Pratt,Rich,michelle50@example.org,"970 Larson Highway
Bryantborough, GU 32022"
Robert Salazar,Guzman,rebeccagreen@example.org,"903 Bennett Garden
South Susan, VI 71386"
Daniel Bentley,Green,igeorge@example.net,"894 Collins Route Suite 958
Gomezburgh, MO 49077"
Amber Robinson,Cardenas,rebecca12@example.org,"715 David Glens Suite 970
Rhondahaven, MO 31669"
Stacy Nelson,Thompson,batesbrittney@example.org,"80802 Russell Shores Apt. 950
Brianside, NC 87001"
Debra Brown,Robles,vmartin@example.com,"60964 Johnson Mill
Brettfort, AZ 14396"
James Wu,Haney,bishopgreg@example.org,"992 Hull Curve Apt. 936
Hendersonbury, OK 12558"
Gregory Oneill,Mitchell,thomashouse@example.org,"47750 Ronnie Canyon Apt. 129
Port Erin, MS 30402"
James Murray,Dyer,mlindsey@example.com,"58041 Diana Centers
Kingmouth, AS 51612"
Kevin Wilson,Davis,manderson@example.org,"8491 Scott Mews
Lake Christopherport, NV 93231"
Deborah Robertson,Bishop,iweaver@example.com,"8698 Smith Stravenue Suite 894
Victoriahaven, MT 33807"
Ryan Sanchez,Larson,xcruz@example.net,"PSC 0884, Box 1293
APO AP 28034"
Janet Wang,Thomas,adam28@example.org,"14621 David Port Suite 235
New Amy, NE 83829"
Lauren Garcia,Long,amandalyons@example.net,"64702 Blake Crescent Apt. 533
New Roseland, WV 28121"
William Rogers,Brown,mhoward@example.net,"5109 Kevin Squares
South Bradleyshire, MO 71179"
Christopher Schmidt,Hammond,codymurillo@example.org,"81290 Potter Springs
Mccallfurt, VA 12685"
Allen Vance,Friedman,jamespacheco@example.com,"6181 Robert Trail
West Dustinside, NC 09749"
Matthew Lewis,Torres,anthony05@example.org,"073 Eric Neck Suite 950
Joshualand, ID 52266"
James Haynes,Walsh,thomasmichelle@example.com,"307 Smith Inlet Suite 663
Reginashire, CO 75196"
William Jimenez,Moore,wbrown@example.com,"995 Merritt Groves
New Katherine, CO 59172"
Dawn Mendoza,Howard,kimberlyclark@example.org,"4077 Laurie Harbors Apt. 856
North Donald, WA 53079"
Dennis Mosley,Harvey,ochoadebra@example.com,"818 Sean Route Apt. 397
North Rachel, WY 79713"
Jose Hall,Thompson,rhondahernandez@example.org,"79452 Cruz Wells
Garciaborough, CA 52442"
Michelle Jacobs,King,manuelknox@example.net,"83504 Wheeler Mall Apt. 342
Lake Wendy, SC 40034"
Kenneth Thomas,Zavala,corey71@example.com,"871 Campbell Mission Suite 256
Judithville, VI 84765"
Brian Cantu,Jones,pamelaanderson@example.net,"891 Melissa Mill Apt. 119
Bellland, VI 13728"
Jason Hall,Edwards,barronjames@example.net,"6588 Lori Viaduct
East Lauraport, OH 89883"
Michelle Patterson,Smith,mmartin@example.net,"530 Michelle Curve Apt. 271
Robinside, AS 54441"
Andrew Sosa,Wright,lisabell@example.com,"842 Howard Drives
New Dylanfurt, DC 72612"
Carrie Jordan,Williams,bowenlori@example.net,"206 Pennington Groves Suite 925
Annettehaven, SD 80039"
Ashley Young,Rogers,brittany58@example.net,"890 Patricia Square
Jermaineport, PA 98328"
Hunter Stewart,West,ymiller@example.net,"6383 Susan Centers Apt. 731
Meyerview, GU 86576"
Christopher Robinson,Reyes,npayne@example.net,"0662 Rice Cliff Apt. 320
Hooverton, MO 08217"
Jennifer Dudley,Ellis,lovematthew@example.net,"USS Cochran
FPO AE 80332"
Daniel Dixon,Colon,jbell@example.org,"378 Chad Common Apt. 941
Fullerberg, OH 76642"
Larry Orozco,Turner,whitemaria@example.com,"8466 Taylor Islands Apt. 180
Kellytown, LA 08606"
Christina Howard,Cook,samanthahill@example.com,"589 Diane Tunnel Apt. 187
Shellyhaven, MA 48942"
Daniel Wilson,White,igonzalez@example.org,"423 Edward Run Apt. 623
Josemouth, LA 09542"
Melissa Woods,Brown,pateljulia@example.net,"6934 Johnny Club
Sanderston, NJ 43506"
Christina Peterson,Burgess,qlee@example.org,"134 Raymond Harbor Suite 000
Caseyshire, NV 66783"
Christina Benton,Brown,marshallmichelle@example.org,"Unit 2097 Box 5508
DPO AP 34803"
Anita Yang,Gray,michellegarcia@example.net,"19362 Sandra Squares Suite 446
Heathport, FL 05860"
Autumn Smith,Braun,wrodriguez@example.com,"PSC 7190, Box 9722
APO AP 28781"
Jennifer Donovan,Martin,jacob07@example.net,"862 Taylor Circle
North Eric, OR 90398"
Mark Brooks,Keith,taylor59@example.net,"80010 Thomas Radial
Maxwellfurt, MD 33106"
Julia Martinez MD,Wallace,fbowers@example.org,"7483 Jennifer Place Suite 635
Lake Tiffanyview, MS 26767"
Michelle Fisher,Raymond,browngary@example.com,"01392 Blair Estate
South John, AL 18599"
Bridget James,Smith,mariajones@example.com,"15258 Mendez Inlet
South Joshua, WA 65356"
Karen Ramirez,Whitaker,lindatanner@example.org,"6778 Brown Place Apt. 756
East Emily, HI 07606"
Brandon Gomez,Roberts,xpennington@example.com,"726 Samantha Ferry
Lake Veronicafurt, MN 76652"
James Rodriguez,Preston,tjohnson@example.net,"21348 Ramsey Row Suite 879
Mcdonaldborough, IA 14549"
Jeffrey Rowland,Gross,xwarren@example.net,"861 Skinner Courts
New Melissafurt, DC 10356"
Ryan Wilkinson,Webb,jose41@example.com,"PSC 2068, Box 9229
APO AP 19615"
Candice Austin,Frank,sarahwalker@example.net,"0207 Stacie Drives Apt. 954
Toddland, VT 80719"
Antonio Cook,Horton,pmay@example.com,"6563 Fuentes Dale Suite 643
Morganborough, IA 10991"
Jean Oconnor,Harris,bbrown@example.net,"41086 Johnson Station Suite 903
Port Todd, OH 68433"
Richard Hughes,Thomas,james95@example.net,"6469 Salazar Valley Apt. 445
Whiteberg, CT 20949"
Jacob Rivera,Jackson,michaelbishop@example.com,"480 Teresa Wells Apt. 673
Melissaport, LA 94830"
Tracy Donovan,Andrews,armstrongzachary@example.com,"77534 Ramos Creek Suite 322
Josephborough, NJ 50840"
Marie Petersen,Yoder,courtney56@example.org,"235 James View Suite 894
Port Kelly, IL 91477"
Sara Coleman,Horne,nicholas44@example.net,"0757 Cynthia Extension Apt. 441
Hardingfurt, CO 94892"
Jason Fields,Mayer,brandonbaker@example.org,"0484 Daniel Estate Apt. 733
Stevenville, OR 76682"
Chelsea Williams,Todd,bryantstephanie@example.com,"93078 Perry Grove
Lake Ashley, CT 94844"
Thomas Jackson,Mcintosh,wherrera@example.com,"165 Nancy Inlet Suite 542
South Andrew, GA 51298"
Richard Morrow,Sanders,lmiller@example.com,"USCGC Bell
FPO AA 83546"
Timothy Casey,Thomas,brian02@example.org,"24878 Kelly Inlet
Markton, TN 16022"
Richard Moore,Johnson,brianna00@example.net,"215 Sullivan Well
Port Kristin, KY 88963"
Dylan Dennis,Dougherty,ryanlambert@example.org,"4957 Gutierrez Mountains Suite 298
Lake Nicholaston, MO 68851"
Matthew Romero,Burke,edward10@example.com,"8801 Lang Mills
Anneborough, NM 49662"
Brian Brown,Allen,patricia02@example.net,"2347 Erin Glen
Lake Annebury, MI 96673"
Eric Garcia,Combs,yjohnson@example.net,"13943 Steven Villages Suite 263
East Elizabeth, SD 59674"
Michael Lee,Lopez,melissa00@example.com,"811 Drake Highway
Amandamouth, OR 41553"
Larry Moore,Yoder,wcarr@example.com,"6153 Michael Drives Apt. 294
Gomezland, AR 48527"
Lisa King,Diaz,michaelmartinez@example.org,"788 Elizabeth Extension Suite 166
East Edwardtown, IN 06679"
Tina Ward,Martinez,hensleytravis@example.org,"809 Linda Ports Suite 179
East Lynnchester, TN 15300"
Nicholas Nelson,Williams,josephcowan@example.com,"619 Stephanie Tunnel
South Bobbyside, PR 89346"
Jacob Padilla,Dickson,karencarter@example.com,"Unit 8017 Box 1717
DPO AE 29414"
Jill Martin,Hickman,jacqueline88@example.com,"134 Andrew Springs Suite 710
Manuelville, OK 33529"
Joel Johnson,Carr,gblack@example.net,"1821 Mack Turnpike
East Nicole, HI 70007"
Laura Gray,Ward,evance@example.com,"31221 Curtis Forks Suite 835
South Dominique, WI 45695"
Stephen Lutz,Chandler,todd80@example.net,"945 Daniel Corner Apt. 751
Christopherfort, NC 62156"
Angela Wright,Jones,wjohnson@example.com,"54707 Keller Terrace Suite 366
Antonioshire, MH 26302"
Dakota Hill,Summers,william20@example.net,"USCGC Brown
FPO AA 06825"
Lawrence Zavala,Baker,erica52@example.org,"4094 Rhodes Plain
New Susanmouth, CT 58456"
Jason Anderson,Meyer,uparker@example.com,"77564 Byrd Light
Ashleychester, OK 90412"
Tanya Hernandez,Richards,pjones@example.com,"24572 Michael Cove
Port Kyle, AL 49440"
Michael Warren,Bartlett,carlsonannette@example.com,"58289 Brandon Squares
South Elizabethside, AS 31953"
Xavier Stein,Anderson,shane85@example.net,"377 Nguyen Forge
Laceytown, IA 01597"
Cheryl Brown,Banks,julie35@example.net,"662 Geoffrey Trafficway
Jessicamouth, WI 89102"
Bobby Fuller,Copeland,kayla42@example.com,"PSC 7870, Box 5236
APO AE 42095"
Robert Johnson,James,andrew31@example.com,"203 Daniel Green
Tapiamouth, SD 78181"
Andrew Reyes,Aguirre,walkerjennifer@example.org,"USNV Cruz
FPO AP 67384"
Nancy Norris,Sparks,ryan79@example.org,"19899 Romero Divide
Michaelhaven, MO 15292"
Andrea Clark,Yates,lisamurphy@example.net,"288 Abigail Estate
Lake Jeffreyborough, IL 18440"
Alexis Wolfe,Hill,shannon28@example.com,"Unit 4787 Box 9683
DPO AA 81198"
Stephanie Chapman,Alexander,woodnicholas@example.org,"24212 Wendy Point Suite 196
Deanland, UT 65655"
Derek Hahn,Burch,michael38@example.com,"1203 Robert Tunnel Apt. 699
Timothyton, ID 11824"
Rachel Thomas,Reid,karensanchez@example.com,"4605 Herring Meadows Apt. 081
Christineland, MP 25349"
Kelly White,Huerta,michael76@example.com,"7473 Mitchell Groves Suite 371
Martinezland, CT 47144"
Daniel Moore,Castillo,kristen86@example.com,"Unit 8883 Box 7480
DPO AE 07515"
Sarah Johnson,Alvarez,vbowman@example.com,"24054 Suzanne Ville Apt. 069
Howardmouth, IN 38158"
Patrick Martin,Young,jillianthompson@example.net,"4323 Romero Point Suite 099
East Brianchester, MO 20257"
Gregory Gomez,Maldonado,brownmark@example.com,"365 Cheryl Trail
Brandonfurt, MS 13781"
Joshua Ramirez,Flowers,campbelltheresa@example.org,"802 West Corner Apt. 689
West Steven, PA 79072"
Tony Martin,Jackson,charlesadams@example.net,"3789 Conway Extension Suite 376
Lake Lisamouth, CO 86628"
Mrs. Ashley Thomas,Nichols,holly44@example.org,"56133 Sarah Station Suite 228
New Sherryberg, MT 17779"
Chris Mccarty,Mendoza,brenda79@example.org,"29181 Obrien Inlet Apt. 391
Pattersonland, NJ 72324"
Caitlyn Adams,Anderson,hacevedo@example.net,"78707 Briana Track
East William, NJ 73988"
Valerie Edwards,Richard,hallashley@example.net,"4166 Williams Square
East Makayla, IA 73596"
Keith Johnson,Taylor,stephanie96@example.net,"918 Dudley Forest Suite 550
Amberstad, MO 07986"
Phillip Cole,Miller,christina41@example.net,"34413 Cheryl Points
Alexishaven, DE 10554"
Corey Rios,Green,holly53@example.net,"2212 David Cliffs Suite 025
North Annaborough, KS 85335"
Kelsey Blackwell,Bridges,lesliewall@example.org,"3588 Sherry Pine Apt. 218
South Susanville, NJ 21814"
April Novak,Cole,qgardner@example.org,"458 Collier Road
South Erinton, SC 89705"
Stephen Young,Diaz,ismith@example.org,"9299 Wise Parkways
Lewiston, IA 66242"
James Bond,Holt,jonesjesse@example.net,"5328 Gonzalez Shores
Justinchester, DE 87000"
Nicholas Ford,Wong,heather65@example.org,"99848 Andrew Inlet
South Barbaraborough, WV 55059"
Garrett Smith,Miller,qdyer@example.org,"038 Cuevas Turnpike Suite 443
Hernandezshire, AZ 50700"
Bradley Ferguson,Salazar,karen14@example.org,"51772 Susan Alley Apt. 150
West Julieburgh, MN 24593"
Jason Davis,Bennett,allisonbartlett@example.com,"7996 April Prairie
South Brittney, IN 84006"
Richard Chapman,Bennett,sharon55@example.com,"89529 Kristy Avenue
New Jennifermouth, IN 01391"
Scott Jones,Logan,jesse13@example.org,"30664 Pierce Fall Suite 884
Johnsonchester, MA 49933"
Richard Strickland,Burke,nicholsamber@example.com,"0662 Brian Fields
Lake Christopherville, CO 34314"
David Boone,Sosa,navarrosteven@example.net,"2539 Becker Ferry
Amandastad, CT 75967"
Mark Rose,Reed,dmitchell@example.com,"9962 Kathryn Creek
New Juanburgh, WA 51798"
Miranda Thomas,Mitchell,marknelson@example.org,"09260 Noah Valley
Michaelmouth, WI 10944"
Sierra Garcia,Baxter,qmiller@example.net,"761 Sarah Crossroad
Angelabury, UT 57293"
Erika Harris,Hernandez,david12@example.com,"90503 Lori Meadow
Latoyaburgh, ID 19494"
Kimberly Mcmahon,Scott,belindamiller@example.org,"399 Hernandez Square Suite 528
Goodmantown, TX 68813"
Michael Wong,Travis,pamelanguyen@example.org,"90069 Johnson Mountains
East Amanda, WI 16046"
Kim Diaz,Meyer,llee@example.net,"PSC 6138, Box 7498
APO AE 45476"
Sara Gonzales,Miller,hamptonsandra@example.com,"1352 Kelly Station Apt. 344
West Ronaldmouth, MD 72616"
Katelyn Jimenez,Cox,vroach@example.net,"30252 Dylan Fort
Port Georgehaven, UT 13944"
Caitlin Brown,Rice,jenniferbrown@example.net,"USNV Rodriguez
FPO AA 34440"
Tina Blake,Rowland,paul89@example.com,"1299 Scott Well Suite 487
South Angela, MS 49366"
Jacob Blake,Mendez,schmidtangela@example.net,"64023 Diaz Groves Suite 834
Boydshire, KS 46989"
Patrick Cook,Anderson,cwheeler@example.com,"661 Blair Ridge Apt. 819
Richardburgh, RI 15862"
Mr. Kenneth Cox Jr.,Chen,morrisjulian@example.org,"4631 James Green Apt. 406
Petersonfurt, IN 36089"
Ashley Parker,Gibson,nelsonamanda@example.org,"PSC 4161, Box 9356
APO AE 48649"
Jordan Mitchell,Dickerson,tylergreer@example.org,"Unit 5462 Box 1212
DPO AE 03533"
Jason Goodman,Wilson,patricia16@example.com,"43531 Cummings Points Apt. 112
New Maryburgh, VT 43999"
Brandi Holmes,Nelson,zachary37@example.org,"258 Cooper Squares
East April, NM 61390"
Kimberly Phillips,Frazier,rachelmiller@example.net,"199 Dennis Oval Apt. 318
Sarastad, MI 28106"
Dylan Garcia,Castillo,loribryan@example.com,"44163 Kelsey Manors
Taraborough, MS 77147"
Brenda Woods,Martinez,marychandler@example.net,"742 Jennifer Track
Marktown, NM 79824"
Benjamin Barker,Carroll,smithjacob@example.net,"58512 Robert Pass Apt. 459
New Christineville, PR 22309"
Matthew Perkins,Crawford,ljohnson@example.org,"89140 Oconnell Drive Apt. 850
Bennettborough, IL 04127"
Bradley Jenkins,Paul,warren76@example.org,"27126 Ann Groves Suite 587
Port Caitlinport, OK 13492"
Brittany Allison,Harris,ayalavictoria@example.org,"44362 Harvey Haven Suite 537
Zacharychester, PR 25286"
Beth Huynh,Henry,david20@example.com,"Unit 4902 Box 4929
DPO AP 89851"
George Ramos MD,Church,jo96@example.com,"37125 Cain Square
South Kimberlyside, WI 32544"
Gary Stafford,Harrell,ianderson@example.net,"28967 Long Mount
West Robertmouth, AS 28500"
Christopher Tucker,Mack,vrobinson@example.com,"Unit 7484 Box 3700
DPO AE 75752"
Vanessa Robbins,Cole,lindaburnett@example.net,"13035 Christopher Throughway
New Nancy, NC 91392"
Christine Frazier,Anderson,olarson@example.net,"PSC 6458, Box 5276
APO AP 71103"
Aaron Harris,Schneider,yshaffer@example.net,"8428 Hamilton Pike Apt. 322
New Lauraton, LA 86873"
Felicia Rowe,Sandoval,vincent09@example.com,"702 Fischer Cape Apt. 726
Lake Daniellestad, SC 03956"
Pamela Lucas,Warren,johntaylor@example.org,"Unit 2797 Box 7183
DPO AP 10270"
Angel Thomas DDS,Lindsey,annaprice@example.net,"2162 Maynard Gateway Suite 978
Whitefort, NV 77427"
Mrs. Melissa Allen,Combs,brian34@example.com,"129 Sandra Heights Apt. 367
Williamview, AK 26703"
Suzanne Collins,Erickson,laurenbishop@example.org,"Unit 6661 Box 9979
DPO AP 52273"
Latoya Davis,Price,bennettshawn@example.net,"USS Bray
FPO AE 23993"
Bryce Richmond,Chapman,henrymelton@example.org,"2380 Martinez Flats Apt. 476
Lake Andrewport, AR 03584"
Daniel Harris,Smith,sanchezbrendan@example.org,"89925 Long Camp
Anthonyview, NJ 11504"
Denise Taylor,Morales,alecacosta@example.com,"02874 Hernandez Plains Apt. 425
Barnesshire, HI 07754"
Richard Ruiz MD,Mahoney,zjones@example.com,"862 Scott Drive
New Mary, ME 57603"
Terry Carter,Greene,gmcdowell@example.net,"90387 Kari Land Apt. 436
Port James, WY 83258"
Angel Jones,Lewis,alexanderhernandez@example.com,"159 Andrea Ports Apt. 545
Jamesside, DC 75807"
Ralph Cordova,Guzman,kelly90@example.com,"66710 Kimberly Path Apt. 538
Joseburgh, MS 57192"
Tina Mills,Martinez,xsnyder@example.net,"4518 Johnson Way Suite 279
Claytonburgh, HI 49592"
Melanie Nguyen,Gutierrez,john99@example.org,"PSC 9171, Box 4574
APO AP 09582"
Michelle Torres,Hodges,sbrown@example.net,"2393 Kimberly Street Suite 808
Rickyburgh, ID 87323"
Emily Paul,Barajas,poolejamie@example.net,"1810 Dawson Points Apt. 073
Jeffreyshire, MD 17879"
Allison Alvarez,Gill,pchase@example.net,"PSC 6402, Box 9384
APO AE 28464"
Dave Peck,Hamilton,deckerkevin@example.org,"45711 Michele Hills
Rickyport, GA 43639"
Terry Parsons,Key,eric01@example.com,"048 Cody Wall
New Chadland, AK 65919"
Elijah Coleman,Odom,qvasquez@example.com,"03064 Newman Greens
Elliottchester, MN 83396"
Douglas Craig,Ellison,shelbyfrye@example.com,"33308 Jesus Circles
East Thomas, KS 39967"
Carrie Castro,Booth,eortiz@example.org,"0045 Maria Harbors Suite 769
South Amy, MN 67668"
Elizabeth Gamble,Johnson,nmarks@example.net,"8101 Christopher Path
Nolanstad, PR 90576"
Jonathan Hernandez,Wallace,vrowland@example.org,"74759 Clements View
South Veronicaport, RI 79270"
Mark Wilson,Richardson,michaelcardenas@example.com,"649 Lisa Trace Apt. 936
Rebeccamouth, OH 43430"
Rachel Vance,Taylor,kwolfe@example.net,"427 Mark Fords Suite 710
Lake Charles, NJ 82549"
Terry Cameron,Ochoa,jimenezpatricia@example.net,"2348 Bentley Mill Apt. 387
East Evan, AS 14352"
Thomas Smith,Taylor,morrisonemma@example.com,"2961 Johnson Village Suite 757
South Coreybury, NM 23655"
Deborah Robinson,Hall,charles68@example.net,"7654 Bryan Stravenue
North Jillchester, AZ 33951"
Jason Jones,Espinoza,zsmith@example.net,"596 Barbara Garden
Lake Matthew, WI 21106"
Monica Zavala,Hayes,peggyking@example.org,"5952 David Valley Apt. 617
South Michael, VT 86710"
Robert Lee,Rose,vgibson@example.net,"331 Kelley Pines Apt. 913
Rodneyburgh, DC 04262"
Dr. Jessica Harvey,Rivera,martha52@example.org,"012 Gonzalez Viaduct Apt. 517
New Steven, MN 77362"
Jordan Franco,Richardson,mitchellthomas@example.net,"0274 Travis Burgs
Daltonland, OH 99381"
April Grant,Garcia,amy53@example.com,"4289 Carr Throughway
Cameronfurt, PR 59760"
Carla Pearson,Harris,charris@example.net,"9085 Smith Parkways Suite 001
Lake Jessica, IL 92204"
Thomas Moran,Sparks,yolandamorgan@example.net,"58528 Madison Pass
Maxwellview, MH 78921"
Megan Hughes,Johnson,sergio90@example.net,"661 Charles Islands
Amberchester, NC 39077"
Brandon Taylor,Smith,mwillis@example.com,"74346 Darren Unions
Lake Calebport, HI 94654"
Robert Russell,Singh,carrillochristopher@example.com,"71175 Dana Court Suite 064
West Christina, CA 02133"
Lori Diaz,Jefferson,michaelkeller@example.com,"022 Anderson Drive Suite 985
East Daisy, AR 37843"
Curtis Rowe,Anderson,molly47@example.com,"83331 Brooks Passage
Port Jamesville, NV 53566"
Monique Wolf,Guerra,abrown@example.com,"9762 Mendez Circles Apt. 906
West Katherine, GA 21118"
Derek Rice,Lewis,glawson@example.org,"62459 Gross Circle Apt. 380
Mcmillanfurt, OH 99000"
Michelle Mann,Baker,stanleyphillips@example.com,"4897 West Ranch
Stevenburgh, AK 41143"
Matthew Howard,Lawrence,gregory10@example.org,"297 Lopez Parkways Suite 465
South Victor, OH 99203"
Leah Smith,Macdonald,iblake@example.com,"7188 Ramirez Pines
Robertland, MO 72014"
Mary Hood DVM,Mitchell,kimberlyhicks@example.net,"0406 Roberts Wall
Michaelside, IA 48272"
Sharon Fox,Gonzales,melissatorres@example.net,"PSC 4348, Box 2682
APO AE 14093"
Elizabeth Vincent,Lee,jonesdarryl@example.net,"3848 Walker Circle
Owensport, GA 57289"
Micheal Johnson,Allen,morgangloria@example.net,"Unit 2640 Box 1721
DPO AE 17319"
Isaac Hartman,Clark,paulpowell@example.org,"45805 Hester Light Apt. 700
South Tara, MP 42048"
Jacqueline Johnson,Williams,mckenzie09@example.net,"Unit 8028 Box 5797
DPO AE 03132"
William Stevens,Powell,samanthacuevas@example.org,"027 Rachel Overpass Suite 214
Newmanchester, FM 41776"
Steven Smith,Frey,ogordon@example.org,"USNV Bass
FPO AE 52453"
Gregory Phillips,Ross,ahall@example.org,"90068 Melody Curve Suite 588
Johnsonmouth, DE 83598"
Amy Ibarra,Johnson,lgarner@example.com,"625 Justin Mount
Adamsshire, CO 17012"
Robert Scott,Moore,kathrynwhite@example.com,"798 Douglas Roads
Lake Meganside, SC 30439"
Colton Johnson,Meyers,qpatton@example.org,"075 Rivera Expressway Apt. 432
Morrisstad, ID 92237"
Jonathan Collins,Brown,carolynallison@example.com,"09183 Samantha Pines Apt. 398
Lake Kevin, CO 96194"
Eric White,Patterson,wrightjeffrey@example.net,"85536 Woods Fords Suite 140
Port Michael, NJ 73820"
Joseph Perry,Wilson,sarahwilliams@example.net,"545 Aaron Lakes
West Peter, FL 62819"
Jennifer Murray,Campbell,jennifer79@example.net,"219 Aguilar Ranch Apt. 125
Port Tamaramouth, NE 76021"
Rebecca Hamilton,Cardenas,frichardson@example.org,"8230 David Creek
Haynesview, IN 63938"
Chloe Padilla,Smith,johnanderson@example.org,"7703 Bailey Lane
New Tammy, ID 66463"
Mary Rodriguez,Perez,bianca42@example.org,"051 Kimberly Mountain
Amberhaven, NH 10130"
Mary Young,Pineda,timothywilcox@example.org,"91596 Phillips Dale
Andersonport, IA 42003"
Aaron Dennis,Clark,hawkinssarah@example.com,"182 Martinez Vista Suite 911
Jamesberg, MH 96305"
Frank Downs,Gould,holmesaustin@example.com,"36044 Allison Burgs
Sandramouth, WV 83831"
Dawn Odonnell,Thomas,johnwebster@example.org,"1196 Amber Expressway Suite 456
Michaelburgh, GA 99781"
Joseph Anderson,Erickson,tracy25@example.net,"06522 Walker Fort Suite 734
Karenton, WV 67650"
Ronald Moore,Frederick,owilliams@example.org,"386 Cindy Orchard
Charleneland, NH 14663"
Lisa Deleon,Camacho,johnsonjames@example.org,"0827 Lisa Court
Woodtown, GU 86871"
James Walton,Jones,jonessherri@example.org,"8640 Rose Road Apt. 369
Christinemouth, FM 68457"
Peter Doyle,Sweeney,lstone@example.net,"9638 Porter Streets Suite 689
Nicoleburgh, NV 74546"
Todd Meza,Elliott,gary38@example.net,"28218 Hayes Common
Alvaradoburgh, MP 93387"
Gina Rodriguez PhD,Williams,zberg@example.com,"830 Jacobs Track
New Sean, IA 42649"
Tyler Wright,Hobbs,joshua94@example.net,"77384 Michael Well Suite 845
Brandonborough, WI 36352"
Candace Thomas,Hernandez,hnichols@example.com,"0427 Ramos Trail Apt. 436
Crystalstad, PA 48675"
Jennifer Holmes,Travis,wlester@example.net,"PSC 6783, Box 5716
APO AP 19516"
Marc Munoz,Jackson,weaverjohn@example.net,"71844 Sullivan Unions Suite 059
Edwardsborough, WA 86654"
Melissa Lawrence,Mcknight,martin23@example.org,"205 Pineda Prairie
Sancheztown, KY 46076"
Derrick Haney,Shah,medinakayla@example.net,"29606 Deanna Union
Williamstad, OH 24625"
Catherine Black,Blevins,allisonruiz@example.net,"81286 Ray Fords
Martinezbury, NM 14932"
Alexander Robbins,Patrick,daviscristian@example.org,"8492 Rebecca Cove
South Johnnyport, OK 03944"
John Diaz,Baker,janice26@example.com,"5975 Lopez Point Suite 450
North Jasonmouth, MS 90606"
Scott Burton,Lucas,ruben82@example.net,"PSC 9044, Box 7232
APO AA 46793"
Elizabeth Morrow,Torres,angela48@example.org,"8769 Drake Cliffs Suite 538
North Heatherfurt, IA 54687"
Justin Allen,Davis,leonardjohn@example.org,"9847 Franklin Forges Suite 512
Lake Stephen, VT 03851"
Gary Barajas,Palmer,gluna@example.org,"071 Laura Crest
Lake William, NC 83285"
Brianna Mcdonald,Ware,damon55@example.com,"2230 Phillip Inlet
Nicoleland, AR 71110"
Robert Luna,Lawrence,dylanpowell@example.com,"9203 Bradley Mountains Apt. 072
Port Michael, RI 46965"
James Hess,Andrews,igonzales@example.net,"672 Lewis Extensions
Port Danielbury, GA 04728"
Mary Fernandez,Williams,sboyd@example.org,"196 Frank Grove
Lake Deniseborough, GA 20714"
Chad Richardson,Clark,kirkjessica@example.net,"USS Cruz
FPO AA 83234"
Julian Miller,Wu,grant27@example.com,"USNV Sims
FPO AA 43877"
Cheryl Hamilton,Moreno,eruiz@example.com,"5405 Carr Drives Apt. 635
Edwardshaven, AZ 45780"
Richard Garcia,Mitchell,john62@example.com,"24117 Kathryn Lights Apt. 950
East Stephanie, PR 74686"
Duane Rodriguez,Johnson,hmarshall@example.org,"7646 Christopher Drive Apt. 668
Lawrencehaven, MA 31464"
Gregory Collier,Gregory,schmidtmark@example.org,"49692 Jonathon Lock
Susanburgh, NV 29382"
Anna Wilson,Wade,sheena33@example.net,"36945 Butler Manors Suite 573
Port Sandra, SC 23646"
Dr. Jason Tran,White,marshjeffrey@example.org,"25744 Roger Mount Apt. 231
New Matthewland, OH 47865"
William Obrien,Barrett,jason12@example.org,"4090 Kelly Field Apt. 880
Davidview, DC 29335"
Keith Moreno,Bryant,nathanielclark@example.org,"338 Myers Prairie
Michellemouth, CT 59738"
Alyssa Becker,King,ibarnes@example.org,"901 West Pike Suite 406
Kyleside, MD 53520"
Alexander Hines,Green,stefaniefarmer@example.net,"99319 Gary Estate
East Gregoryside, VT 15658"
Sandra Henry,Alvarez,valenzuelamark@example.org,"USCGC Garner
FPO AA 50371"
Gabriel Parker,Grant,james66@example.net,"1140 Jasmine Crossroad Suite 007
Port Josephside, NE 63402"
Chad Thompson,Carpenter,martinheather@example.net,"13148 Michael Center Apt. 875
East Chadburgh, NC 71092"
Brooke Reyes,Stephens,oconnortina@example.org,"8712 Hernandez Fields Suite 159
East Emilyview, VT 78148"
Melissa Mitchell MD,Harper,kingrobert@example.org,"7036 Rios Point
Harrisberg, TX 98816"
Terri Hickman,Hodges,cowanjesus@example.com,"Unit 8806 Box 8604
DPO AA 47370"
Walter Barker,Tran,xrobertson@example.com,"780 Solis Stravenue
Michaelbury, WI 30105"
Victoria Smith,Leach,jamiecooper@example.org,"30860 Thomas Square
Port Cameron, FL 76356"
Allison Cardenas,Lawson,prattalexander@example.org,"6390 Buchanan Station Suite 212
Collierland, FL 02984"
Darlene Vasquez,Young,sabrinawilliamson@example.org,"8697 Browning Well Suite 110
North Susan, KY 54043"
James Fernandez,Fox,cheryllowe@example.net,"56850 Brittany Springs
New Danielshire, RI 06451"
Robert Phillips,Parker,debrasmith@example.net,"7003 Brown Villages
East Charlottebury, MN 08546"
Ryan Serrano,Murphy,andreamartin@example.org,"2863 Jonathan Village Suite 062
East William, DE 36858"
Christina Robinson,Chan,zrangel@example.com,"4124 Michael Crossroad Apt. 651
East Kerry, IN 36420"
Christopher Matthews,Walker,llarsen@example.com,"411 Jasmine Hill
Dickersonville, VT 67776"
Sara Raymond,Brown,hernandeznicole@example.com,"29061 Amanda Rapid
Bethchester, SC 11143"
Derek Frye,Moore,mendozawilliam@example.net,"856 Margaret Streets
Port James, WV 00621"
Lisa Morrison,Bates,laurenwebb@example.net,"544 Becky Summit Apt. 263
Davidchester, DE 64278"
Jade Fritz,Phillips,theodore22@example.com,"71452 Waters Village Apt. 764
North Michaelborough, PA 35476"
Michael Larson,Kelley,garciadavid@example.com,"723 Kendra Bypass Suite 504
New Kathyport, IL 38846"
Richard Young,Weiss,john74@example.net,"95321 Oliver Square
Miguelton, KY 75817"
Sara Lawrence,Sosa,nicholasstephenson@example.net,"780 Richard Via Suite 995
Lake Cristianton, WA 30897"
David Martin,Mcclure,anna15@example.com,"55874 Jackson Burg
Maureenborough, RI 94484"
Micheal Fuentes,Fisher,bensonrachel@example.org,"20693 Jason Loop Apt. 821
Rayburgh, OK 69368"
Tyler Wells,Cobb,jefferymorse@example.com,"37488 Jimmy Place Suite 081
Robertport, SD 99702"
Megan Williams,Kline,michael86@example.org,"132 Mary Extensions Suite 067
Cochranport, MT 10167"
Deborah Miller,Weber,bgibson@example.com,"9648 Christina Drive
Medinaport, NY 06139"
Tara Singleton,Schmidt,matthewsmaxwell@example.org,"39236 Payne Island
Randychester, SD 56662"
Kevin Quinn,Adams,kleonard@example.com,"USNS Hughes
FPO AP 18381"
Monica Robles,Brewer,henry46@example.org,"409 Jonathan Park
Weissbury, VI 80497"
Sara Bradley,Brock,travis41@example.com,"9531 Heather Throughway
Lake Shawnmouth, NJ 01658"
Brittney Acosta,Mills,lrice@example.org,"996 Jennifer Roads Apt. 275
Port Samuel, FM 91767"
David Davis,Collier,brandon52@example.net,"31409 Woods Heights
Scottmouth, NM 83179"
Randy Evans,Mccann,alan08@example.com,"956 Sherry Plain Apt. 499
Perezfurt, CT 98430"
Tracy Stewart,Gomez,amy45@example.com,"21035 Stephanie Row Apt. 340
Johnview, MO 51212"
Michelle Baker,Hobbs,mitchelljohn@example.com,"619 Gerald Cape Suite 921
Michaelside, VI 29560"
Mary Bailey,Stevens,richardmoore@example.org,"6295 Autumn Stream Suite 271
Christinaport, TN 15371"
Patricia Daniels,Gonzalez,crystal16@example.net,"851 Phillips Cliffs
Lake Jesse, WA 21377"
Robert Thornton,Castro,patrickarias@example.com,"7278 Kerri Mount Suite 640
North Stephanie, ND 45852"
Michael Peterson,Hess,steven76@example.org,"USS Decker
FPO AA 77294"
James Flores,Williams,kendramerritt@example.com,"410 Tonya Lodge
New Thomas, NE 94881"
Sarah Lane,Hampton,lewisseth@example.com,"705 Jody Plain
East Ronaldport, NE 65897"
Robert Hernandez,Smith,becky15@example.net,"87544 Eric Cliff Suite 795
Lake Christine, ME 80505"
Douglas Morgan,Nguyen,fwillis@example.com,"606 Brittany Dam Apt. 781
Merrittstad, UT 69335"
Robin Garcia,White,cmiddleton@example.org,"19609 Christopher Falls
South Amandamouth, NJ 57527"
David Stafford,Graham,marciadavis@example.net,"USCGC Nicholson
FPO AE 34103"
Christina Hancock,Coleman,jonathan58@example.net,"57985 Wendy Manors
East Brendaview, VA 11164"
Jacob Rivera,Ortiz,mooregina@example.com,"29083 Alyssa Lane
Hartbury, AL 67692"
Jessica Stephens,Bullock,johnsonmaria@example.com,"850 Santos Ramp
West Lindaland, ME 72609"
Ashley Graham,Baker,erica16@example.com,"4241 Kathy Dam
Forbesfort, OR 42035"
Kara Wade,Matthews,annahernandez@example.com,"89701 Moss Mission Apt. 674
West Victoriabury, MN 75471"
Chris Benson,Larsen,bmiller@example.net,"2506 Hall Point
Dannyport, ID 25515"
Dr. Jesse Thompson,Shepard,moorecheyenne@example.com,"2147 Amy Garden
Walkerfort, FL 35732"
Mark Smith,Wilson,rachael48@example.com,"USNV Adams
FPO AA 18952"
Robert Wilson,Cooper,kerrywood@example.com,"044 Amanda Shoals
Marshallburgh, AR 08600"
Ashley Duran,Barnes,wilsonmaria@example.org,"58288 King Ford
North Luisville, MP 56395"
Troy Gibson,Reeves,cynthiaochoa@example.org,"755 Thomas Forest
North Heatherfort, OH 13237"
Caitlin Diaz,Smith,jason35@example.net,"584 Steven Lodge
Port Meganside, LA 49791"
Sharon Ortiz,Scott,carolinetaylor@example.org,"602 Fred Ford
North Gregoryland, AL 13483"
Russell Eaton,Cowan,evasquez@example.net,"4573 Lee Terrace Suite 852
South Richard, OK 02854"
Jonathan Keller,Montgomery,rebeccawilliams@example.com,"1455 Robert Land
South Thomas, WY 27791"
Judy Farmer,Harris,gonzalezzachary@example.net,"507 Kim Village Suite 501
West Jose, WV 96956"
Courtney Hayes,Nguyen,zcollins@example.net,"624 Kim Springs
South Kyle, WA 78200"
George Cook,Kelly,gouldjon@example.com,"PSC 2933, Box 1761
APO AP 44358"
Steven Nelson,Baker,qhuffman@example.org,"919 Michael Lodge Apt. 923
Lewisland, PR 14475"
Teresa Wood,Alvarez,ryanbrown@example.org,"51350 Hopkins Rest Apt. 251
Jamesside, HI 58395"
David Lopez,Walker,peggy22@example.net,"7988 Anthony Plaza Apt. 066
Ingramfurt, MN 15020"
Mariah Potts,Rose,wclayton@example.net,"56280 Orozco Fields Suite 618
East Gloria, WA 56099"
Jason Carlson,Robertson,april90@example.net,"9152 Haynes Villages Suite 593
Port Jonathan, ND 04225"
Daniel Barrett,Howard,alexandria17@example.com,"117 Reynolds Forest
Lake Sherryside, PA 08567"
Brittany Malone,Howell,middletonpatrick@example.org,"7849 Robert Hollow
South Sheila, CT 22411"
Mark Brown,Richard,fwatson@example.org,"443 Willie Valleys Suite 565
Claytonborough, KS 06133"
Sarah Guerra,Ruiz,phelpsbryan@example.com,"8184 Chambers Station Suite 084
Alecbury, MD 36942"
David Clark,Hayes,janice00@example.org,"USS Zhang
FPO AP 95528"
Christopher George,Gardner,churchmadison@example.com,"58635 Gutierrez Key Apt. 421
Bradleytown, VT 91588"
Mr. Darrell Parker,Blanchard,teresa97@example.org,"39648 Nelson Squares
West Kellytown, VT 46716"
Timothy Oliver,Williams,collinsstacey@example.org,"2666 James Turnpike
Seanmouth, OK 31988"
Kristin May,Alexander,alvaradodouglas@example.org,"497 Pham Run Apt. 927
Kevinside, OK 60163"
Gavin Glass,Armstrong,jamescrawford@example.com,"77677 Fernandez Lodge Suite 391
South Dannyville, IA 64725"
Janet Ryan,Good,edean@example.org,"216 Steven Mountain Suite 483
Port Justin, WI 25050"
George Brown,Wright,tkirk@example.net,"640 Dwayne Valleys Suite 905
Torreshaven, MP 68505"
James Ford,Ellis,johnabbott@example.org,"832 Patricia Port
Grahamtown, IL 15188"
Michael Byrd MD,Carroll,michaelrobinson@example.org,"3269 Bryant Shoal Suite 222
Tonyafort, VI 13456"
Larry Mcdonald,Barrett,elizabethfrank@example.org,"52529 Michael Court
Vegastad, GA 54569"
Crystal Robinson,Mathis,christinecurry@example.org,"645 Connie Terrace
Rodriguezside, FM 64940"
David Edwards,Garcia,sanchezelizabeth@example.org,"96374 Ortiz Corner
Andersonland, DC 95286"
Timothy Anderson,Peterson,hhall@example.net,"53868 Joshua Roads
East Michellestad, FL 86861"
David Ramirez,Lee,xmartinez@example.net,"9225 Patrick Manor
New Kristy, UT 39488"
Henry Johnson,Moore,vegaglenn@example.net,"874 Holmes Radial Suite 947
Lake Stephenmouth, AK 40031"
Sarah Yang,Long,morrisgregory@example.org,"70331 Daniel Turnpike
East Mark, NV 62641"
Erica Holloway,Molina,juantravis@example.org,"043 Jose Point Apt. 039
New Cathyburgh, MS 78681"
Shannon Curtis,Nelson,zli@example.org,"84131 Gonzalez Islands Suite 107
Gutierrezchester, LA 94245"
Dr. Benjamin Cox,White,lkeith@example.org,"Unit 2096 Box 3774
DPO AA 11756"
Sara Velazquez,Lozano,haydentrevor@example.net,"0269 Timothy Forest
Port Seanbury, ND 17033"
Sarah Chapman,Harvey,vargastravis@example.org,"6720 Richardson Inlet Suite 862
Stewarttown, NV 48595"
Allen Daniels,Benitez,meltonjeffrey@example.net,"USS White
FPO AA 73329"
Vincent Nelson,Russell,woodpatrick@example.org,"302 Melissa Points
New Lauren, IA 74621"
Matthew Myers,Whitaker,elizabethwilliams@example.com,"5744 Little Road Suite 175
New Donnaton, FM 83806"
Amy Harvey,Oconnor,jason39@example.com,"77548 Marshall Islands Suite 605
Johnside, MI 10223"
Sara Brown,Smith,wesleyduncan@example.net,"71420 Alexander Summit Suite 802
New Adrianaview, VA 30481"
Alvin Figueroa,Mccormick,rmcclure@example.com,"USNS Ford
FPO AE 02757"
Deborah Martin,Acosta,reneelewis@example.net,"5392 Kerr Mall
Port Karen, PR 87511"
Timothy Williams,Rivera,ericaguilar@example.com,"3343 Mackenzie Burgs Apt. 496
Shawnport, OH 35977"
Robert Ward,Ford,martinezlisa@example.net,"796 Amy Course
Loribury, DC 94339"
Peter Butler,Peterson,aaron94@example.net,"USS Harris
FPO AE 77468"
Elizabeth Tran,Martinez,juanjones@example.com,"0166 David Highway
Aaronshire, MS 66727"
Terry Schwartz,Li,michaelwashington@example.org,"9469 Joshua Estate
Lake Jacqueline, NE 24768"
Lauren Johnson,Frank,jesusbarker@example.org,"89290 Norman Tunnel
Port Parker, WI 10245"
Tina Rose,Bowen,vlewis@example.net,"13899 Moreno Mountain Apt. 227
Lake Michaelside, VT 86868"
Rachel Lopez,Cox,imontgomery@example.org,"156 Rebecca Trail
Melaniehaven, MO 51353"
Kyle Williams,Lawson,johnsongary@example.net,"754 Thompson Shoal Apt. 223
Spencerton, AL 56014"
Mary Butler,Roberts,kathleenyork@example.net,"1408 Washington Courts
Port Kennethberg, SC 81256"
Jessica Diaz,Todd,kingryan@example.net,"0746 Jamie Dale Apt. 522
South Alfredmouth, IL 51148"
Jon Hoover,Bauer,donovanlisa@example.net,"USNV Morales
FPO AA 26869"
Tricia Ballard,Tate,oware@example.org,"806 Church Prairie Suite 007
Christinaland, AL 54763"
Natasha King,Lee,jill87@example.org,"5241 Connor Village
Lake Lisa, HI 43777"
Leah Edwards,Ellis,kennedyruben@example.org,"PSC 7169, Box 4637
APO AA 22390"
Mary Paul,Moss,macdonalddavid@example.net,"54936 Jones Keys Apt. 067
Hugheshaven, NV 49923"
Lisa Burns,Costa,jodiberry@example.com,"765 Mccann Ferry Apt. 039
Nolanberg, PR 98283"
Erika Chavez,Jones,perezbrittany@example.net,"258 Hobbs Harbors Apt. 407
Port Kristin, IN 99825"
Christopher Arellano,Garcia,lori06@example.com,"8179 Jason Mills Apt. 600
Nicholasstad, AK 51506"
Emily Zimmerman,Graham,smithsharon@example.net,"3297 Joshua Hollow
Port Dennis, NH 81655"
Donald Patterson,Ortega,jacksonbriana@example.net,"55403 Harris Parks
East Jillview, CT 19957"
Nicole Patton,Stanton,plawson@example.org,"2331 Parker Heights
Edwardton, NJ 60111"
Isaiah Blackburn,Smith,jamessmith@example.net,"93040 Holmes Lights Apt. 931
Ramirezville, HI 64614"
Jessica Grimes,Ramirez,drewkline@example.com,"039 Mason Spurs
Rickyville, MA 56456"
Brianna Scott,Wood,lauren04@example.net,"6625 Amanda Prairie
Lake Jeffreymouth, VI 05337"
Bryan Velez,Hawkins,toddhunter@example.org,"8545 White Overpass Apt. 473
Lake Jasminetown, SC 19988"
Joy Kelley,Young,alyssapeters@example.net,"USCGC Foster
FPO AP 83476"
Ryan Lawson,Lambert,pstevenson@example.org,"8347 Rios Meadows Suite 010
Reyesfurt, NJ 97568"
Nancy Park,Smith,daniel80@example.net,"302 Donovan Run
Melaniestad, NH 42492"
Anthony Gentry DVM,Thompson,clinesarah@example.net,"5768 Perez Common
Benjaminshire, MA 21165"
Jordan Graves,Greene,ejones@example.org,"9382 Monique Plains
East Davidton, NE 20465"
Jonathan Ortiz,Mclean,jdavis@example.com,"PSC 6914, Box 9811
APO AP 95484"
Darrell Brown,Williamson,qwilliams@example.com,"02579 Holly Loop Suite 085
West Heathermouth, NJ 39976"
Jimmy Hale,Tran,danieltrujillo@example.com,"1396 John Turnpike Suite 473
Port Coleborough, IA 85680"
Micheal Gonzalez,Church,kellyperkins@example.com,"1153 Kramer Passage Apt. 516
West Kimberly, HI 42464"
Thomas Clarke,Jackson,uhayes@example.org,"14610 Sheri Ridges Apt. 438
Leonardbury, MT 30299"
Micheal Durham,Townsend,wcampbell@example.org,"76449 Anderson Plaza
South Traci, NH 47310"
Christopher Sullivan,Morgan,derrick39@example.net,"17776 Justin Courts Suite 038
West Jaime, MS 88578"
Mark Craig,Garcia,deniseryan@example.com,"32662 Ellis Landing Apt. 770
North Erinchester, VA 65327"
Rebecca Gordon,Frazier,mooretravis@example.org,"2782 Johnson Parks
East Andrew, RI 86755"
Danielle Rose,Welch,greenjason@example.net,"2441 Mary Courts Suite 458
West James, MD 05395"
Joyce Lewis,Levy,dsims@example.org,"09180 Mckinney Mall Apt. 530
Alexanderside, ME 50166"
Joseph Ramos,Franklin,hsimmons@example.org,"30066 Dawson Square
Harmonside, NH 76504"
Julie Medina,Gonzalez,ldunn@example.net,"PSC 8543, Box 1439
APO AP 98203"
Joseph Miller MD,Smith,jeffrey80@example.net,"55118 Anita River
Tiffanymouth, SC 82963"
Traci Villa,Warren,jason83@example.org,"PSC 1870, Box 6016
APO AA 52593"
Timothy Wheeler,Robinson,gwalters@example.org,"8988 Amy Motorway
South Michelle, WY 54580"
Mrs. Kelli Garcia DVM,Pacheco,richard31@example.org,"584 Brandon Bridge Apt. 398
New Cynthia, WI 45505"
Leah Mccoy,Santiago,amanda58@example.org,"PSC 0037, Box 0519
APO AA 67987"
Brooke Holland,Cohen,donald09@example.org,"2217 Bryan View Apt. 041
North Jaredport, CT 87922"
Angel Sandoval,Smith,johnmassey@example.net,"22467 Chandler View Apt. 472
South Mariah, TX 63751"
Jessica Vang,White,kbrady@example.org,"4774 Cesar Forest
Hansonton, MS 88018"
Shannon Kelly,Frazier,ulewis@example.net,"76746 Navarro Ways Suite 441
Jamesbury, UT 37007"
Sara Reynolds,Miller,jonesarthur@example.net,"04077 Kathleen Oval
North Christopherborough, WY 88366"
Amy Ayala,Sanchez,cunninghamryan@example.com,"1745 Larson Spur
West Courtney, IL 76614"
Lindsey Jackson MD,Smith,kimberlyhall@example.org,"92210 Carolyn Knolls
West Zacharyberg, AK 34851"
Randy White,Brown,mbrown@example.net,"57175 Michael Mountains
East Thomasburgh, WI 05701"
Brandi Luna,Rush,dcobb@example.org,"4589 George Way
Petersonchester, NJ 52822"
Frank Bryant,Walters,gsmith@example.org,"Unit 2279 Box 8277
DPO AP 61216"
Timothy Mendoza,Mckinney,thomasjackson@example.com,"4563 Marquez Camp
Lake Evelynfort, SC 03850"
Kaylee Garcia,Brown,ghernandez@example.net,"34144 Parrish Lakes
East Amyfort, MN 66546"
Luke Warren,Martin,reginaldburch@example.net,"70569 Peters Valleys
Markhaven, SC 99527"
Kyle Cook,Reeves,brucedaniel@example.com,"0816 Robert Turnpike
Tiffanychester, DE 93239"
Amy Hampton,Carr,marcusosborn@example.net,"7272 Long Ford Suite 759
New Zachary, MN 56261"
Laurie Jones,Hunt,stephanie90@example.org,"820 Castaneda Turnpike Suite 771
Lake Krystal, NE 18745"
Jillian Webb,Norman,ubridges@example.org,"590 David Locks
Michelleland, MD 19675"
Dominique Dyer,Bell,knightryan@example.net,"80489 Cooke Groves Apt. 426
Caseystad, WA 65986"
Johnny Schneider,Graham,jasminecox@example.net,"11418 Ricky Walks Apt. 251
Lauraborough, MO 85743"
Anthony Schmitt,Davies,taylorjohnston@example.com,"PSC 9253, Box 7317
APO AP 91043"
Heather Oliver,Massey,christinajohnson@example.net,"355 Jordan Viaduct
Taylorberg, ME 01918"
Christopher Robbins,Lyons,ybrown@example.org,"5326 Barnett Drive Apt. 252
South Erintown, CT 47437"
Tiffany Austin,Cervantes,leonardconrad@example.org,"USNV Barnett
FPO AE 90394"
Megan Guzman,Lawson,erivera@example.net,"31680 Smith Causeway
Jeffreyland, OH 06343"
Katherine Schultz,Elliott,audreythompson@example.com,"21473 Victor Rue
Chapmanmouth, AR 84535"
David Vargas,Martinez,kwilkins@example.com,"4940 Yu Plaza Apt. 043
South Corey, KS 18016"
Olivia Ward,Clark,gregory61@example.com,"62240 Jeremy Flat
Anthonyborough, NH 64505"
Heather Caldwell,Clements,tiffanydrake@example.com,"50197 Lindsey Roads
East Vanessa, WI 81255"
Joseph Montoya,Kline,craig67@example.com,"557 Michael Road Suite 492
Angelaview, MH 55700"
Lisa Davis,Sanchez,robert30@example.com,"510 Blankenship Place Suite 085
Port Erica, OK 83001"
Kimberly Manning,Howard,obrown@example.com,"3051 Gonzales Island Apt. 088
East Marioland, CO 40260"
Kenneth Powell,Johnson,annahernandez@example.net,"330 Harding Islands
West Virginia, ME 19853"
Timothy Harris,Carter,waltersalisha@example.org,"050 Hampton Cove Apt. 509
Port Kimberly, SC 02743"
Christopher Mack,Harris,riveraerik@example.org,"42674 Smith Turnpike
Lake Katherineview, MA 06360"
Julie Gutierrez,Reed,russellrobin@example.net,"9838 White Ridge
Finleyland, MD 65070"
Anthony Rich,Edwards,chadmartinez@example.net,"1444 Kevin Parks
West Jose, IN 86763"
Kenneth Velez,Medina,hrojas@example.org,"Unit 4205 Box 2648
DPO AA 53213"
Emily Nunez,Cook,sethblair@example.com,"5431 Garcia Streets Apt. 885
South Mike, AZ 01100"
Laura Clayton,Washington,rbrown@example.com,"1527 Huynh View
Mullinsfort, DC 14674"
Brandy Peterson,Brown,don00@example.com,"270 Michelle Creek
Ricardofurt, FM 39883"
Annette Garrett,Johnson,awilson@example.org,"196 Chavez Islands
Wilsonberg, PW 06861"
Paul Gonzalez,Briggs,stuartblack@example.com,"384 Suarez Mountain Suite 535
South Jamesview, AS 09734"
Nancy Robertson,King,bromero@example.com,"81742 David Turnpike Suite 653
Brownshire, MO 14106"
Deborah Stewart,West,ywhitehead@example.org,"Unit 6691 Box 5553
DPO AE 35726"
Sara Cervantes,Smith,bschmidt@example.com,"2892 Johnson Road Suite 857
Port Christinafort, GU 67371"
Annette Anderson,Long,richard74@example.org,"245 Lawson Fork
Waltersview, MH 69321"
Rachel Anderson,Martinez,hollowaypatricia@example.org,"PSC 9404, Box 7231
APO AP 29261"
Andrea Davis,Robertson,munozdenise@example.org,"272 Brittany Ramp Suite 319
East Kristinburgh, AS 82410"
Melinda Dodson,Guzman,nicholasmosley@example.com,"94556 Chapman Landing
North Michael, CA 48432"
Peter Young,Smith,daniel71@example.org,"9004 Bell Well Apt. 788
Clarkport, VT 79661"
Erin Edwards,Fowler,douglas07@example.org,"399 Paul Street
Port Shannonstad, NV 85389"
Brandi Dawson,Cole,baileyandrew@example.org,"865 Christian Springs
North Kenneth, PW 67095"
Gina Miller,Meyer,foxglen@example.com,"802 Stephen Viaduct Suite 942
Chavezchester, RI 08853"
Brittany Thomas,Schaefer,jacob45@example.org,"6275 Ethan Camp
East Stephen, AZ 71413"
Morgan Lawson,Braun,brian82@example.net,"885 Sandra Fall Suite 671
Welchmouth, TX 71435"
Christine Jones,Adams,jessicafranklin@example.com,"PSC 8788, Box 0639
APO AA 36642"
Emily Sanchez,Johnston,sara57@example.net,"961 Bowen Mountains Suite 080
Solismouth, RI 97058"
Mr. Cody Thomas,Griffin,summersjade@example.org,"878 Lee Fields Suite 632
Smithview, NY 80764"
Tiffany Santos,Reed,rowemalik@example.net,"80742 Rhodes Underpass Apt. 678
Emilyside, MT 56736"
Heidi Simmons,Fowler,tracythomas@example.org,"USNV Murphy
FPO AE 82897"
Christopher Greene,Black,gonzalezstephanie@example.net,"3645 Shelby Village Apt. 338
Patriciaview, CA 71232"
Julie Hamilton,Baird,joshuareeves@example.net,"5978 Bright Tunnel Suite 371
Kellyside, IN 85121"
Penny Steele,Gilbert,ian18@example.org,"97443 Franklin Trafficway Suite 102
Diazmouth, ME 31837"
Craig Wilcox,Cordova,joshua57@example.org,"9249 Wagner Neck Suite 785
North Danielfurt, IL 20366"
Shelby Moore,Roberts,thompsondaniel@example.org,"365 Sampson Crossroad Suite 501
Kendramouth, NM 46648"
Briana Bender,Adkins,vlee@example.com,"6980 Oconnor Mall
South Michaelmouth, MP 51703"
Jennifer Garcia,Murphy,peter48@example.com,"581 Mosley Mews
Hensleyview, ND 58500"
Joseph Waters,Rowe,amanda81@example.org,"62289 Holly Walk Apt. 555
Christopherton, WI 90775"
Amber Jackson,Chan,freemanjustin@example.org,"28019 Sarah Bridge
Anthonyshire, PW 19624"
Rachel Cross,Graham,maria93@example.com,"014 Gloria Harbors Suite 180
New Kevin, MN 30443"
Kyle Schmidt,Morgan,tfowler@example.org,"99057 Isaac Falls Apt. 113
Bradleyborough, AR 34368"
Crystal Nguyen,Baker,jordandanielle@example.org,"Unit 3585 Box 3488
DPO AA 44048"
Mrs. Maria Johnson,Lee,milleralice@example.org,"57054 Kelly Fords
Port Kari, OK 91647"
Jonathan Snyder Jr.,Sloan,allenjose@example.com,"USNS Robles
FPO AA 06124"
Kathryn Dennis,Baker,jason54@example.org,"494 Taylor Ridges Suite 653
Lake Trevorberg, AZ 88876"
Julia Hernandez,Brooks,gloverkelly@example.org,"Unit 5630 Box 3949
DPO AE 11699"
Paul Moore,Franklin,gomezsean@example.com,"816 Christine Islands
Adrianfort, WI 58745"
Jeffrey Mason,Vazquez,katherine29@example.org,"6622 James Trafficway Suite 279
Michelleshire, HI 38216"
Lisa Braun,Campbell,kari49@example.org,"80666 Harper Well
Danielville, TN 47771"
Courtney Rosales,Mason,juliawatson@example.com,"994 Scott Curve Apt. 348
West Elizabethmouth, NH 01509"
Nicholas Anderson,Chen,palmerjennifer@example.net,"887 Todd Land Suite 000
Lake Don, MT 37978"
Adrienne Evans,Nunez,garrettsmith@example.com,"476 Elizabeth Highway Apt. 059
Williamton, CA 81936"
Kim Miller,Mcdonald,lfoster@example.org,"5662 Elizabeth Village Suite 748
Lake Courtney, PA 96028"
Zachary Arnold,Bradshaw,kristen19@example.org,"85335 Lawrence Stream
Victoriaview, MS 21770"
Diana Bennett,Thompson,zwalker@example.net,"374 Flowers Passage
New Sarahborough, ND 57407"
Scott Watson,Chavez,ashleyrodriguez@example.net,"45794 Heather Extensions Suite 537
Port Shaneside, NE 76192"
William Miller,Myers,hwoods@example.com,"26826 Peterson Parkways
North Roger, MI 58173"
Javier Kelly,Cannon,lisanichols@example.net,"171 Emily Light Suite 313
Patrickbury, OK 38817"
Kenneth Higgins,Ball,mark14@example.com,"93442 Vargas Glens
Adamsbury, TN 21352"
Sean Fitzgerald,Bailey,williamsbrian@example.com,"1089 Stone Glens
East Karenbury, NJ 21076"
Larry Jensen,Moreno,ychavez@example.net,"06174 Pugh Springs
Port Carol, VT 20176"
Patrick Wagner,Lamb,cbrooks@example.com,"28141 Antonio Bypass
East Kathryn, OK 47012"
Justin Higgins,Williams,george99@example.net,"USS Bell
FPO AP 78179"
Albert Hinton,Miller,rebecca09@example.net,"02993 Charles Points
East Michael, RI 94386"
Jon Malone,Jackson,christian77@example.org,"15082 Sheila Run
Bennetttown, NE 22075"
Kelly Meyer,Berger,jennifer30@example.org,"20387 Kayla Roads
South Michael, NY 51231"
Amber Juarez,Wilson,sydneygarner@example.net,"870 Hardin Fields
Benjaminbury, MO 07185"
Sarah Bailey,Robinson,mitchellmarcus@example.net,"969 Alexander Neck
Lake Jenniferside, AL 44585"
Aaron Parker,Noble,beasleydakota@example.net,"816 Bryan Creek Apt. 230
Port Victoria, GU 26179"
Chad Hampton,Rodriguez,max49@example.org,"3199 Ariel Trafficway
Espinozaberg, CO 88530"
Heather Hughes,Grant,robertmartinez@example.com,"751 Obrien Brook Suite 218
Benjaminchester, NJ 37634"
Danielle Garcia,Velasquez,thomasalexis@example.net,"USCGC Garcia
FPO AA 30104"
Allison Jordan,Rivas,jackknight@example.com,"3616 Donna Trail Suite 917
Port Timothychester, KS 68890"
Luis Cox,Smith,wjones@example.org,"94064 May Village
Lopezfurt, CO 13130"
Clayton Wyatt,Wood,vanessa00@example.net,"7526 Dennis Valleys
Lake Donna, WA 66818"
Ryan Mcneil,Odonnell,lauramcneil@example.org,"5966 Dennis Ways
South Stephen, KS 44175"
Emily Kennedy,Rivera,lwinters@example.org,"899 Samantha Burgs
New Josephchester, MO 38921"
Christopher Brandt,Cohen,hglover@example.org,"35879 Rodriguez Parkway
Johnsonshire, DC 54329"
Christopher Edwards,Golden,andersontodd@example.com,"000 Stephanie Overpass
North Justin, WA 61787"
John Kelley,Shaffer,dmercado@example.net,"266 Donald Road Apt. 371
Port Lindseyfort, SD 98193"
John Fernandez,Phillips,adrianmcdonald@example.com,"0764 Mark Turnpike
Port Daniel, MI 05911"
Briana Warren,Harmon,goodwinjessica@example.org,"50826 Acosta Dam Suite 452
Jennifermouth, IA 79796"
Adam Wheeler,Palmer,danahurley@example.com,"6498 Alicia Locks Apt. 384
West Jessica, WY 18223"
Jesus Webb,Medina,amywarren@example.org,"0570 Jenkins Pike
Mitchellborough, MH 20139"
Stephanie Pham,Hinton,traceyarnold@example.org,"01049 Martinez Cliff
North Jennifer, AL 27883"
Renee Rubio,Jackson,garciajeffery@example.net,"604 Danielle Plains Suite 267
Petersonmouth, MD 81350"
Charles Decker,Brown,robert84@example.com,"78915 Jeffrey Lane Apt. 375
North Robert, MI 14041"
Beth Randall,Ramos,baileypaul@example.com,"912 Lopez Hill Apt. 037
Lisaville, NH 65059"
Erin Wall,Lucas,englishmegan@example.net,"185 John Key Apt. 988
South Laurieton, OH 70770"
Raymond Shields II,Williamson,thomas89@example.org,"4709 Nicolas Forest Apt. 780
Lake Bobton, VT 20553"
Alice Wilson,Brown,nsparks@example.org,"8983 Wilson Locks
Smithton, OK 73761"
Kristin Long,Williams,wallacesteven@example.com,"87760 Phillips Forges Suite 791
Bakerview, RI 34836"
Stephen Nichols,Mendoza,garzalisa@example.org,"638 Moyer Land
Erikside, MH 90726"
Ronald Olson,Campbell,gina85@example.net,"1751 Taylor Camp
North Julie, CO 57440"
Marcus Newton,Nelson,chavezdavid@example.org,"861 April Glens Apt. 975
North Rachel, WY 53235"
Tiffany Simmons,Butler,michaellang@example.com,"1592 Moyer Isle
Warnershire, ND 29390"
Aaron Morgan,Crawford,fharris@example.net,"19040 Todd Forges
Harrisonside, IA 95805"
Laurie Cohen,Harrison,michael39@example.net,"7995 Smith Crest
Denisefurt, MO 80280"
Jessica Duncan,Romero,jamesguzman@example.net,"8637 Johnson Cove Suite 220
Jefferybury, OR 05351"
Theresa Hawkins,Peterson,aaronpayne@example.org,"6562 Edward View
East Steventown, CA 91140"
Michele Lopez,Grant,gdavis@example.net,"152 Park Views Apt. 176
Port Amandamouth, GA 07324"
Kayla Whitaker,Ross,jorgegoodman@example.net,"58613 Brown Route
Jenningsport, SC 34310"
Sara Kelly,Rubio,crystal02@example.net,"54307 Moran Crest Suite 744
Melindamouth, PW 62791"
Christopher Stanley,Garrison,ttrevino@example.org,"2294 Oneill Passage Suite 803
North Marcoshire, AZ 47952"
Laura West,Bullock,dclark@example.net,"9414 Robertson Camp
New Edgar, PA 29706"
Douglas Wilson,Walsh,mjenkins@example.com,"151 Jonathon Throughway
Lake Joshuaberg, VT 19018"
Stephen Ponce,Nguyen,scott25@example.net,"5358 William Crescent Suite 995
New Dana, MS 48016"
Kristen Edwards,Bradley,lori74@example.net,"3752 Brian Track Suite 406
South Jacobland, FL 37320"
Kevin Kemp,Dean,ralphbryant@example.com,"6877 Haas Inlet Apt. 578
Susanmouth, WV 25962"
Charles Pham,Williams,james45@example.com,"0970 Michael Avenue Suite 094
Lake Kevin, NH 33909"
Devon Harris,Rice,adamsangela@example.net,"9378 Green Rest Suite 215
Donaldton, PW 10571"
Jacob Johnson,Kennedy,jessicaallen@example.com,"9509 Rice Streets Suite 843
Brianmouth, AK 12922"
Donald Brown,Thomas,johnny53@example.com,"6265 King Cape
Jacobsonton, TX 51727"
Leah Caldwell,Williams,williamholt@example.net,"6032 West Row
Lake Davidfort, MO 09468"
Mr. James Adams MD,Rogers,rebecca83@example.com,"Unit 7570 Box 1310
DPO AP 67369"
Elizabeth Huff,Mckenzie,milleramanda@example.org,"225 Green Forest Apt. 181
Karenfurt, MN 53375"
Shelby Barnett,Greene,leahwilliams@example.org,"3251 Andre Via Apt. 226
Port Joshua, CO 56018"
Sheri Decker,Flores,ojackson@example.org,"152 Kennedy Dale
Farleyport, MT 34465"
Justin Day DDS,Arnold,nicholas06@example.com,"28764 Oneill Parkways Suite 502
Reynoldsburgh, GU 80019"
Steven Johnson,Johnson,latoya29@example.com,"4022 Brianna Brooks
East Veronica, AK 52639"
Caitlin White,Stevenson,cnolan@example.org,"5652 Smith Expressway
South Jacob, NE 19147"
Eric Powell,Stanley,dustin50@example.com,"PSC 1378, Box 9145
APO AE 38245"
Brandi Mitchell,Arnold,mariamonroe@example.net,"585 Susan Point Suite 009
New Theresa, NC 19559"
Michael Campbell,Walsh,jason53@example.com,"USNV Burke
FPO AP 41612"
Vincent Eaton,Vincent,linda15@example.org,"Unit 5210 Box 2393
DPO AP 00934"
Richard Reese,Ford,kimmarcus@example.net,"928 Guzman Islands Suite 700
Lake Kellymouth, GU 95604"
Jason Smith MD,Brown,emily02@example.net,"27551 Justin Camp
New Williamton, DC 57104"
Jessica Chan,Martinez,boyercrystal@example.net,"68551 Carlson Ferry Suite 009
Port Brittany, VT 54996"
Erin Moore,Barry,bushjill@example.net,"003 Jeffrey Islands
West Jeffreyshire, AL 03748"
Makayla Bates,Rodriguez,lisajackson@example.net,"930 Maria Street Apt. 547
Moonfurt, FL 50828"
Jake Thompson,Martinez,leslie14@example.com,"546 Wright Route
West Michaelshire, OH 27771"
Robert Jones,Martin,thompsonelizabeth@example.com,"7364 Sara Trail
East Kevinside, VI 12361"
Christopher Gay,Elliott,bwheeler@example.com,"841 Erica Trace Apt. 807
Juliachester, SC 14063"
Christopher Johnson,Willis,brandon64@example.com,"USS Peterson
FPO AP 33144"
Christine Chavez,Hill,mcooper@example.com,"1267 Sandra Walks
New Marthaside, SD 51628"
Kimberly Brown,Jones,wilsongloria@example.com,"6929 Dana Vista Apt. 696
Lopezstad, SD 51927"
Joseph Adkins,Delacruz,danielle85@example.org,"00737 Fields Park
Hendersonborough, MP 34741"
Chelsea Gill,Lindsey,msmith@example.com,"358 Caleb Gateway Apt. 592
Johnton, OK 05446"
Joseph Zimmerman,Mora,kaguilar@example.net,"3076 Evans Ford Apt. 538
North Aaronborough, ND 83275"
Michelle Velasquez,Wood,catherineprice@example.com,"2607 Morrow View Apt. 298
South Angelaside, CA 19019"
Matthew Ellis,Simmons,leachjose@example.com,"812 Jessica Knolls Apt. 875
Jonathantown, MO 97505"
Alexis Ewing,Cross,richardhardy@example.org,"55012 Amanda Court
Jasontown, NC 84897"
Samantha Sampson,Hamilton,samanthawilliams@example.org,"13909 Ricardo Place Apt. 851
North Megantown, SD 41400"
William Erickson,Bolton,iharris@example.net,"75798 Gross Mountains
Hansonfort, PW 73617"
Mrs. Tina Moreno,Nolan,chadhampton@example.com,"4879 Joseph Loaf
West Kathrynfurt, AS 83052"
Spencer Jimenez,Wiley,allison64@example.org,"673 Amber Mountain
West Deborahfort, PR 75597"
